-- -------------------------------------------------------------
-- TablePlus 3.1.0(290)
--
-- https://tableplus.com/
--
-- Database: ekimo
-- Generation Time: 2020-01-20 13:02:21.3750
-- -------------------------------------------------------------


/*!40101 SET @OLD_CHARACTER_SET_CLIENT=@@CHARACTER_SET_CLIENT */;
/*!40101 SET @OLD_CHARACTER_SET_RESULTS=@@CHARACTER_SET_RESULTS */;
/*!40101 SET @OLD_COLLATION_CONNECTION=@@COLLATION_CONNECTION */;
/*!40101 SET NAMES utf8mb4 */;
/*!40014 SET @OLD_UNIQUE_CHECKS=@@UNIQUE_CHECKS, UNIQUE_CHECKS=0 */;
/*!40014 SET @OLD_FOREIGN_KEY_CHECKS=@@FOREIGN_KEY_CHECKS, FOREIGN_KEY_CHECKS=0 */;
/*!40101 SET @OLD_SQL_MODE=@@SQL_MODE, SQL_MODE='NO_AUTO_VALUE_ON_ZERO' */;
/*!40111 SET @OLD_SQL_NOTES=@@SQL_NOTES, SQL_NOTES=0 */;


DROP TABLE IF EXISTS `article_languages`;
CREATE TABLE `article_languages` (
  `id` int(10) unsigned NOT NULL AUTO_INCREMENT,
  `article_id` int(10) unsigned NOT NULL,
  `language` char(2) COLLATE utf8mb4_unicode_ci NOT NULL,
  `title` varchar(255) COLLATE utf8mb4_unicode_ci NOT NULL,
  `description` text COLLATE utf8mb4_unicode_ci,
  `content` mediumtext COLLATE utf8mb4_unicode_ci,
  `meta_desc` varchar(255) COLLATE utf8mb4_unicode_ci DEFAULT NULL,
  `created_at` timestamp NULL DEFAULT NULL,
  `updated_at` timestamp NULL DEFAULT NULL,
  PRIMARY KEY (`id`),
  KEY `article_languages_article_id_foreign` (`article_id`),
  CONSTRAINT `article_languages_article_id_foreign` FOREIGN KEY (`article_id`) REFERENCES `articles` (`id`) ON DELETE CASCADE
) ENGINE=InnoDB AUTO_INCREMENT=59 DEFAULT CHARSET=utf8mb4 COLLATE=utf8mb4_unicode_ci;

DROP TABLE IF EXISTS `articles`;
CREATE TABLE `articles` (
  `id` int(10) unsigned NOT NULL AUTO_INCREMENT,
  `collection_id` int(10) unsigned NOT NULL,
  `slug` varchar(255) COLLATE utf8mb4_unicode_ci NOT NULL,
  `position` int(10) unsigned NOT NULL DEFAULT '1',
  `visible` tinyint(1) NOT NULL DEFAULT '1',
  `image` varchar(255) COLLATE utf8mb4_unicode_ci DEFAULT NULL,
  `created_at` timestamp NULL DEFAULT NULL,
  `updated_at` timestamp NULL DEFAULT NULL,
  PRIMARY KEY (`id`),
  KEY `articles_collection_id_foreign` (`collection_id`),
  CONSTRAINT `articles_collection_id_foreign` FOREIGN KEY (`collection_id`) REFERENCES `collections` (`id`)
) ENGINE=InnoDB AUTO_INCREMENT=30 DEFAULT CHARSET=utf8mb4 COLLATE=utf8mb4_unicode_ci;

DROP TABLE IF EXISTS `calendar`;
CREATE TABLE `calendar` (
  `id` int(10) unsigned NOT NULL AUTO_INCREMENT,
  `title` varchar(255) COLLATE utf8mb4_unicode_ci NOT NULL,
  `description` varchar(255) COLLATE utf8mb4_unicode_ci DEFAULT NULL,
  `color` varchar(16) COLLATE utf8mb4_unicode_ci DEFAULT NULL,
  `start` datetime DEFAULT NULL,
  `end` datetime DEFAULT NULL,
  `time_start` time DEFAULT NULL,
  `time_end` time DEFAULT NULL,
  `created_at` timestamp NULL DEFAULT NULL,
  `updated_at` timestamp NULL DEFAULT NULL,
  PRIMARY KEY (`id`)
) ENGINE=InnoDB DEFAULT CHARSET=utf8mb4 COLLATE=utf8mb4_unicode_ci;

DROP TABLE IF EXISTS `catalog`;
CREATE TABLE `catalog` (
  `id` int(10) unsigned NOT NULL AUTO_INCREMENT,
  `collection_id` int(10) unsigned NOT NULL,
  `slug` varchar(255) COLLATE utf8mb4_unicode_ci NOT NULL,
  `position` int(10) unsigned NOT NULL DEFAULT '1',
  `visible` tinyint(1) NOT NULL DEFAULT '1',
  `image` varchar(255) COLLATE utf8mb4_unicode_ci DEFAULT NULL,
  `created_at` timestamp NULL DEFAULT NULL,
  `updated_at` timestamp NULL DEFAULT NULL,
  PRIMARY KEY (`id`),
  KEY `catalog_collection_id_foreign` (`collection_id`),
  CONSTRAINT `catalog_collection_id_foreign` FOREIGN KEY (`collection_id`) REFERENCES `collections` (`id`)
) ENGINE=InnoDB AUTO_INCREMENT=46 DEFAULT CHARSET=utf8mb4 COLLATE=utf8mb4_unicode_ci;

DROP TABLE IF EXISTS `catalog_languages`;
CREATE TABLE `catalog_languages` (
  `id` int(10) unsigned NOT NULL AUTO_INCREMENT,
  `catalog_id` int(10) unsigned NOT NULL,
  `language` char(2) COLLATE utf8mb4_unicode_ci NOT NULL,
  `title` varchar(255) COLLATE utf8mb4_unicode_ci NOT NULL,
  `description` text COLLATE utf8mb4_unicode_ci,
  `content` mediumtext COLLATE utf8mb4_unicode_ci,
  `meta_desc` varchar(255) COLLATE utf8mb4_unicode_ci DEFAULT NULL,
  `created_at` timestamp NULL DEFAULT NULL,
  `updated_at` timestamp NULL DEFAULT NULL,
  PRIMARY KEY (`id`),
  KEY `catalog_languages_catalog_id_foreign` (`catalog_id`),
  CONSTRAINT `catalog_languages_catalog_id_foreign` FOREIGN KEY (`catalog_id`) REFERENCES `catalog` (`id`) ON DELETE CASCADE
) ENGINE=InnoDB AUTO_INCREMENT=91 DEFAULT CHARSET=utf8mb4 COLLATE=utf8mb4_unicode_ci;

DROP TABLE IF EXISTS `catalog_page`;
CREATE TABLE `catalog_page` (
  `id` int(10) unsigned NOT NULL AUTO_INCREMENT,
  `catalog_id` int(10) unsigned NOT NULL,
  `page_id` int(10) unsigned NOT NULL,
  PRIMARY KEY (`id`),
  KEY `page_id` (`page_id`),
  KEY `catalog_id` (`catalog_id`)
) ENGINE=InnoDB AUTO_INCREMENT=83 DEFAULT CHARSET=utf8;

DROP TABLE IF EXISTS `catalog_pages`;
CREATE TABLE `catalog_pages` (
  `id` int(10) unsigned NOT NULL AUTO_INCREMENT,
  `page_id` int(10) unsigned NOT NULL,
  `catalog_id` int(10) unsigned NOT NULL,
  `created_at` timestamp NULL DEFAULT NULL,
  `updated_at` timestamp NULL DEFAULT NULL,
  PRIMARY KEY (`id`),
  KEY `catalog_pages_page_id_foreign` (`page_id`),
  KEY `catalog_pages_catalog_id_foreign` (`catalog_id`),
  CONSTRAINT `catalog_pages_catalog_id_foreign` FOREIGN KEY (`catalog_id`) REFERENCES `catalog` (`id`) ON DELETE CASCADE,
  CONSTRAINT `catalog_pages_page_id_foreign` FOREIGN KEY (`page_id`) REFERENCES `pages` (`id`) ON DELETE CASCADE
) ENGINE=InnoDB DEFAULT CHARSET=utf8mb4 COLLATE=utf8mb4_unicode_ci;

DROP TABLE IF EXISTS `categories`;
CREATE TABLE `categories` (
  `id` int(10) unsigned NOT NULL AUTO_INCREMENT,
  `collection_id` int(10) unsigned NOT NULL,
  `position` int(10) unsigned NOT NULL DEFAULT '1',
  `visible` tinyint(1) NOT NULL DEFAULT '1',
  `created_at` timestamp NULL DEFAULT NULL,
  `updated_at` timestamp NULL DEFAULT NULL,
  PRIMARY KEY (`id`),
  KEY `categories_collection_id_foreign` (`collection_id`),
  CONSTRAINT `categories_collection_id_foreign` FOREIGN KEY (`collection_id`) REFERENCES `collections` (`id`)
) ENGINE=InnoDB AUTO_INCREMENT=10 DEFAULT CHARSET=utf8mb4 COLLATE=utf8mb4_unicode_ci;

DROP TABLE IF EXISTS `category_languages`;
CREATE TABLE `category_languages` (
  `id` int(10) unsigned NOT NULL AUTO_INCREMENT,
  `category_id` int(10) unsigned NOT NULL,
  `language` char(2) COLLATE utf8mb4_unicode_ci NOT NULL,
  `title` varchar(255) COLLATE utf8mb4_unicode_ci NOT NULL,
  `created_at` timestamp NULL DEFAULT NULL,
  `updated_at` timestamp NULL DEFAULT NULL,
  PRIMARY KEY (`id`),
  KEY `category_languages_category_id_foreign` (`category_id`),
  CONSTRAINT `category_languages_category_id_foreign` FOREIGN KEY (`category_id`) REFERENCES `categories` (`id`) ON DELETE CASCADE
) ENGINE=InnoDB AUTO_INCREMENT=19 DEFAULT CHARSET=utf8mb4 COLLATE=utf8mb4_unicode_ci;

DROP TABLE IF EXISTS `cms_settings`;
CREATE TABLE `cms_settings` (
  `id` tinyint(4) NOT NULL AUTO_INCREMENT,
  `cms_user_id` int(10) unsigned NOT NULL,
  `sidebar_position` varchar(64) COLLATE utf8mb4_unicode_ci NOT NULL DEFAULT 'fixed',
  `sidebar_direction` varchar(64) COLLATE utf8mb4_unicode_ci NOT NULL DEFAULT 'left-sidebar',
  `horizontal_menu` tinyint(1) NOT NULL DEFAULT '0',
  `horizontal_menu_minimal` varchar(64) COLLATE utf8mb4_unicode_ci DEFAULT NULL,
  `horizontal_menu_click` varchar(64) COLLATE utf8mb4_unicode_ci DEFAULT NULL,
  `skin_sidebar` varchar(64) COLLATE utf8mb4_unicode_ci DEFAULT NULL,
  `skin_user_menu` varchar(64) COLLATE utf8mb4_unicode_ci DEFAULT NULL,
  `skin_horizontal` varchar(64) COLLATE utf8mb4_unicode_ci DEFAULT NULL,
  `skin_login` varchar(64) COLLATE utf8mb4_unicode_ci DEFAULT NULL,
  `layout_boxed` varchar(64) COLLATE utf8mb4_unicode_ci DEFAULT NULL,
  `alert_position` varchar(64) COLLATE utf8mb4_unicode_ci NOT NULL DEFAULT 'top-right',
  `ajax_form` varchar(64) COLLATE utf8mb4_unicode_ci NOT NULL DEFAULT 'ajax-form',
  `lockscreen` varchar(255) COLLATE utf8mb4_unicode_ci NOT NULL DEFAULT '0',
  `created_at` timestamp NULL DEFAULT NULL,
  `updated_at` timestamp NULL DEFAULT NULL,
  PRIMARY KEY (`id`),
  KEY `cms_settings_cms_user_id_foreign` (`cms_user_id`)
) ENGINE=InnoDB AUTO_INCREMENT=3 DEFAULT CHARSET=utf8mb4 COLLATE=utf8mb4_unicode_ci;

DROP TABLE IF EXISTS `cms_users`;
CREATE TABLE `cms_users` (
  `id` int(10) unsigned NOT NULL AUTO_INCREMENT,
  `email` varchar(255) COLLATE utf8mb4_unicode_ci NOT NULL,
  `role` varchar(255) COLLATE utf8mb4_unicode_ci DEFAULT NULL,
  `firstname` varchar(255) COLLATE utf8mb4_unicode_ci NOT NULL,
  `lastname` varchar(255) COLLATE utf8mb4_unicode_ci NOT NULL,
  `phone` varchar(32) COLLATE utf8mb4_unicode_ci DEFAULT NULL,
  `address` varchar(255) COLLATE utf8mb4_unicode_ci DEFAULT NULL,
  `active` tinyint(1) NOT NULL DEFAULT '1',
  `photo` varchar(255) COLLATE utf8mb4_unicode_ci DEFAULT NULL,
  `password` varchar(128) COLLATE utf8mb4_unicode_ci NOT NULL,
  `remember_token` varchar(128) COLLATE utf8mb4_unicode_ci DEFAULT NULL,
  `created_at` timestamp NULL DEFAULT NULL,
  `updated_at` timestamp NULL DEFAULT NULL,
  PRIMARY KEY (`id`)
) ENGINE=InnoDB AUTO_INCREMENT=2 DEFAULT CHARSET=utf8mb4 COLLATE=utf8mb4_unicode_ci;

DROP TABLE IF EXISTS `collections`;
CREATE TABLE `collections` (
  `id` int(10) unsigned NOT NULL AUTO_INCREMENT,
  `title` varchar(255) COLLATE utf8mb4_unicode_ci NOT NULL,
  `type` varchar(32) COLLATE utf8mb4_unicode_ci NOT NULL,
  `admin_order_by` varchar(32) COLLATE utf8mb4_unicode_ci NOT NULL DEFAULT 'id',
  `admin_sort` varchar(16) COLLATE utf8mb4_unicode_ci NOT NULL DEFAULT 'desc',
  `admin_per_page` tinyint(4) NOT NULL DEFAULT '20',
  `web_order_by` varchar(32) COLLATE utf8mb4_unicode_ci NOT NULL DEFAULT 'id',
  `web_sort` varchar(16) COLLATE utf8mb4_unicode_ci NOT NULL DEFAULT 'desc',
  `web_per_page` tinyint(4) NOT NULL DEFAULT '10',
  `description` varchar(255) COLLATE utf8mb4_unicode_ci DEFAULT NULL,
  `created_at` timestamp NULL DEFAULT NULL,
  `updated_at` timestamp NULL DEFAULT NULL,
  PRIMARY KEY (`id`)
) ENGINE=InnoDB AUTO_INCREMENT=12 DEFAULT CHARSET=utf8mb4 COLLATE=utf8mb4_unicode_ci;

DROP TABLE IF EXISTS `faq`;
CREATE TABLE `faq` (
  `id` int(10) unsigned NOT NULL AUTO_INCREMENT,
  `collection_id` int(10) unsigned NOT NULL,
  `category_id` int(10) unsigned NOT NULL,
  `position` int(10) unsigned NOT NULL DEFAULT '1',
  `visible` tinyint(1) NOT NULL DEFAULT '1',
  `created_at` timestamp NULL DEFAULT NULL,
  `updated_at` timestamp NULL DEFAULT NULL,
  PRIMARY KEY (`id`),
  KEY `faq_collection_id_foreign` (`collection_id`),
  CONSTRAINT `faq_collection_id_foreign` FOREIGN KEY (`collection_id`) REFERENCES `collections` (`id`)
) ENGINE=InnoDB AUTO_INCREMENT=36 DEFAULT CHARSET=utf8mb4 COLLATE=utf8mb4_unicode_ci;

DROP TABLE IF EXISTS `faq_languages`;
CREATE TABLE `faq_languages` (
  `id` int(10) unsigned NOT NULL AUTO_INCREMENT,
  `faq_id` int(10) unsigned NOT NULL,
  `language` char(2) COLLATE utf8mb4_unicode_ci NOT NULL,
  `title` varchar(255) COLLATE utf8mb4_unicode_ci NOT NULL,
  `description` text COLLATE utf8mb4_unicode_ci,
  `created_at` timestamp NULL DEFAULT NULL,
  `updated_at` timestamp NULL DEFAULT NULL,
  PRIMARY KEY (`id`),
  KEY `faq_languages_faq_id_foreign` (`faq_id`)
) ENGINE=InnoDB AUTO_INCREMENT=71 DEFAULT CHARSET=utf8mb4 COLLATE=utf8mb4_unicode_ci;

DROP TABLE IF EXISTS `favourites`;
CREATE TABLE `favourites` (
  `id` int(10) unsigned NOT NULL AUTO_INCREMENT,
  `post_id` int(10) unsigned NOT NULL,
  `fav_post_id` int(10) unsigned NOT NULL,
  PRIMARY KEY (`id`),
  KEY `favourites_chooser_id_foreign` (`post_id`),
  KEY `favourites_favourite_id_foreign` (`fav_post_id`)
) ENGINE=InnoDB AUTO_INCREMENT=30 DEFAULT CHARSET=utf8mb4 COLLATE=utf8mb4_unicode_ci;

DROP TABLE IF EXISTS `file_languages`;
CREATE TABLE `file_languages` (
  `id` int(10) unsigned NOT NULL AUTO_INCREMENT,
  `file_id` int(10) unsigned NOT NULL,
  `language` char(2) COLLATE utf8mb4_unicode_ci NOT NULL,
  `title` varchar(255) COLLATE utf8mb4_unicode_ci NOT NULL,
  `file` varchar(255) COLLATE utf8mb4_unicode_ci NOT NULL,
  `created_at` timestamp NULL DEFAULT NULL,
  `updated_at` timestamp NULL DEFAULT NULL,
  PRIMARY KEY (`id`),
  KEY `file_languages_file_id_foreign` (`file_id`)
) ENGINE=InnoDB DEFAULT CHARSET=utf8mb4 COLLATE=utf8mb4_unicode_ci;

DROP TABLE IF EXISTS `files`;
CREATE TABLE `files` (
  `id` int(10) unsigned NOT NULL AUTO_INCREMENT,
  `table_name` varchar(64) COLLATE utf8mb4_unicode_ci NOT NULL,
  `table_id` int(10) unsigned NOT NULL,
  `position` smallint(5) unsigned NOT NULL DEFAULT '1',
  `visible` tinyint(1) NOT NULL DEFAULT '1',
  `created_at` timestamp NULL DEFAULT NULL,
  `updated_at` timestamp NULL DEFAULT NULL,
  PRIMARY KEY (`id`),
  KEY `files_table_name_index` (`table_name`),
  KEY `files_table_id_index` (`table_id`)
) ENGINE=InnoDB DEFAULT CHARSET=utf8mb4 COLLATE=utf8mb4_unicode_ci;

DROP TABLE IF EXISTS `galleries`;
CREATE TABLE `galleries` (
  `id` int(10) unsigned NOT NULL AUTO_INCREMENT,
  `collection_id` int(10) unsigned NOT NULL,
  `slug` varchar(255) COLLATE utf8mb4_unicode_ci NOT NULL,
  `position` int(10) unsigned NOT NULL DEFAULT '1',
  `type` varchar(32) COLLATE utf8mb4_unicode_ci NOT NULL,
  `visible` tinyint(1) NOT NULL DEFAULT '1',
  `admin_order_by` varchar(32) COLLATE utf8mb4_unicode_ci NOT NULL DEFAULT 'id',
  `admin_sort` varchar(16) COLLATE utf8mb4_unicode_ci NOT NULL DEFAULT 'desc',
  `admin_per_page` tinyint(1) NOT NULL DEFAULT '20',
  `web_order_by` varchar(32) COLLATE utf8mb4_unicode_ci NOT NULL DEFAULT 'id',
  `web_sort` varchar(16) COLLATE utf8mb4_unicode_ci NOT NULL DEFAULT 'desc',
  `web_per_page` tinyint(1) NOT NULL DEFAULT '10',
  `image` varchar(255) COLLATE utf8mb4_unicode_ci DEFAULT NULL,
  `created_at` timestamp NULL DEFAULT NULL,
  `updated_at` timestamp NULL DEFAULT NULL,
  PRIMARY KEY (`id`),
  KEY `galleries_collection_id_foreign` (`collection_id`)
) ENGINE=InnoDB DEFAULT CHARSET=utf8mb4 COLLATE=utf8mb4_unicode_ci;

DROP TABLE IF EXISTS `gallery_languages`;
CREATE TABLE `gallery_languages` (
  `id` int(10) unsigned NOT NULL AUTO_INCREMENT,
  `gallery_id` int(10) unsigned NOT NULL,
  `language` char(2) COLLATE utf8mb4_unicode_ci NOT NULL,
  `title` varchar(255) COLLATE utf8mb4_unicode_ci NOT NULL,
  `meta_desc` varchar(255) COLLATE utf8mb4_unicode_ci DEFAULT NULL,
  `created_at` timestamp NULL DEFAULT NULL,
  `updated_at` timestamp NULL DEFAULT NULL,
  PRIMARY KEY (`id`),
  KEY `gallery_languages_gallery_id_foreign` (`gallery_id`)
) ENGINE=InnoDB DEFAULT CHARSET=utf8mb4 COLLATE=utf8mb4_unicode_ci;

DROP TABLE IF EXISTS `member_languages`;
CREATE TABLE `member_languages` (
  `id` int(10) unsigned NOT NULL AUTO_INCREMENT,
  `member_id` int(10) unsigned NOT NULL,
  `language` char(2) COLLATE utf8mb4_unicode_ci NOT NULL,
  `title` varchar(255) COLLATE utf8mb4_unicode_ci NOT NULL,
  `sub_title` varchar(255) COLLATE utf8mb4_unicode_ci DEFAULT NULL,
  `meta_desc` varchar(255) COLLATE utf8mb4_unicode_ci DEFAULT NULL,
  `created_at` timestamp NULL DEFAULT NULL,
  `updated_at` timestamp NULL DEFAULT NULL,
  PRIMARY KEY (`id`),
  KEY `member_languages_member_id_foreign` (`member_id`)
) ENGINE=InnoDB AUTO_INCREMENT=3 DEFAULT CHARSET=utf8mb4 COLLATE=utf8mb4_unicode_ci;

DROP TABLE IF EXISTS `members`;
CREATE TABLE `members` (
  `id` int(10) unsigned NOT NULL AUTO_INCREMENT,
  `collection_id` int(10) unsigned NOT NULL,
  `position` int(10) unsigned NOT NULL DEFAULT '1',
  `visible` tinyint(1) NOT NULL DEFAULT '1',
  `image` varchar(255) COLLATE utf8mb4_unicode_ci DEFAULT NULL,
  `created_at` timestamp NULL DEFAULT NULL,
  `updated_at` timestamp NULL DEFAULT NULL,
  PRIMARY KEY (`id`),
  KEY `members_collection_id_foreign` (`collection_id`)
) ENGINE=InnoDB AUTO_INCREMENT=2 DEFAULT CHARSET=utf8mb4 COLLATE=utf8mb4_unicode_ci;

DROP TABLE IF EXISTS `menus`;
CREATE TABLE `menus` (
  `id` int(10) unsigned NOT NULL AUTO_INCREMENT,
  `main` tinyint(1) NOT NULL DEFAULT '0',
  `title` varchar(255) COLLATE utf8mb4_unicode_ci NOT NULL,
  `description` varchar(255) COLLATE utf8mb4_unicode_ci DEFAULT NULL,
  `created_at` timestamp NULL DEFAULT NULL,
  `updated_at` timestamp NULL DEFAULT NULL,
  PRIMARY KEY (`id`)
) ENGINE=InnoDB AUTO_INCREMENT=4 DEFAULT CHARSET=utf8mb4 COLLATE=utf8mb4_unicode_ci;

DROP TABLE IF EXISTS `migrations`;
CREATE TABLE `migrations` (
  `id` int(10) unsigned NOT NULL AUTO_INCREMENT,
  `migration` varchar(255) COLLATE utf8mb4_unicode_ci NOT NULL,
  `batch` int(11) NOT NULL,
  PRIMARY KEY (`id`)
) ENGINE=InnoDB AUTO_INCREMENT=25 DEFAULT CHARSET=utf8mb4 COLLATE=utf8mb4_unicode_ci;

DROP TABLE IF EXISTS `notes`;
CREATE TABLE `notes` (
  `id` int(10) unsigned NOT NULL AUTO_INCREMENT,
  `title` varchar(255) COLLATE utf8mb4_unicode_ci DEFAULT NULL,
  `description` varchar(255) COLLATE utf8mb4_unicode_ci DEFAULT NULL,
  `content` text COLLATE utf8mb4_unicode_ci,
  `created_at` timestamp NULL DEFAULT NULL,
  `updated_at` timestamp NULL DEFAULT NULL,
  PRIMARY KEY (`id`)
) ENGINE=InnoDB AUTO_INCREMENT=2 DEFAULT CHARSET=utf8mb4 COLLATE=utf8mb4_unicode_ci;

DROP TABLE IF EXISTS `page_languages`;
CREATE TABLE `page_languages` (
  `id` int(10) unsigned NOT NULL AUTO_INCREMENT,
  `page_id` int(10) unsigned NOT NULL,
  `language` char(2) COLLATE utf8mb4_unicode_ci NOT NULL,
  `title` varchar(255) COLLATE utf8mb4_unicode_ci NOT NULL,
  `short_title` varchar(255) COLLATE utf8mb4_unicode_ci NOT NULL,
  `description` text COLLATE utf8mb4_unicode_ci,
  `content` mediumtext COLLATE utf8mb4_unicode_ci,
  `meta_desc` varchar(255) COLLATE utf8mb4_unicode_ci DEFAULT NULL,
  `proDescription` varchar(500) COLLATE utf8mb4_unicode_ci DEFAULT NULL,
  `proTitle` varchar(255) COLLATE utf8mb4_unicode_ci DEFAULT NULL,
  `proTitle1` varchar(255) COLLATE utf8mb4_unicode_ci DEFAULT NULL,
  `proTitle2` varchar(255) COLLATE utf8mb4_unicode_ci DEFAULT NULL,
  `formTitle` varchar(255) COLLATE utf8mb4_unicode_ci DEFAULT NULL,
  `created_at` timestamp NULL DEFAULT NULL,
  `updated_at` timestamp NULL DEFAULT NULL,
  PRIMARY KEY (`id`),
  KEY `page_languages_page_id_foreign` (`page_id`)
) ENGINE=InnoDB AUTO_INCREMENT=21 DEFAULT CHARSET=utf8mb4 COLLATE=utf8mb4_unicode_ci;

DROP TABLE IF EXISTS `pages`;
CREATE TABLE `pages` (
  `id` int(10) unsigned NOT NULL AUTO_INCREMENT,
  `menu_id` int(10) unsigned NOT NULL,
  `slug` varchar(255) COLLATE utf8mb4_unicode_ci NOT NULL,
  `formLink` varchar(255) COLLATE utf8mb4_unicode_ci DEFAULT NULL,
  `position` int(10) unsigned NOT NULL DEFAULT '1',
  `parent_id` int(10) unsigned NOT NULL DEFAULT '0',
  `type` varchar(64) COLLATE utf8mb4_unicode_ci NOT NULL DEFAULT 'text',
  `type_id` int(10) unsigned DEFAULT NULL,
  `proNumber` varchar(50) COLLATE utf8mb4_unicode_ci DEFAULT NULL,
  `proNumber1` varchar(50) COLLATE utf8mb4_unicode_ci DEFAULT NULL,
  `proNumber2` varchar(50) COLLATE utf8mb4_unicode_ci DEFAULT NULL,
  `template` varchar(64) COLLATE utf8mb4_unicode_ci DEFAULT NULL,
  `visible` tinyint(1) NOT NULL DEFAULT '1',
  `collapse` tinyint(1) NOT NULL DEFAULT '0',
  `image` varchar(255) COLLATE utf8mb4_unicode_ci DEFAULT NULL,
  `proImage` varchar(255) COLLATE utf8mb4_unicode_ci DEFAULT NULL,
  `proImage1` varchar(255) COLLATE utf8mb4_unicode_ci DEFAULT NULL,
  `proImage2` varchar(255) COLLATE utf8mb4_unicode_ci DEFAULT NULL,
  `created_at` timestamp NULL DEFAULT NULL,
  `updated_at` timestamp NULL DEFAULT NULL,
  PRIMARY KEY (`id`),
  KEY `pages_menu_id_foreign` (`menu_id`)
) ENGINE=InnoDB AUTO_INCREMENT=11 DEFAULT CHARSET=utf8mb4 COLLATE=utf8mb4_unicode_ci;

DROP TABLE IF EXISTS `permissions`;
CREATE TABLE `permissions` (
  `id` int(10) unsigned NOT NULL AUTO_INCREMENT,
  `role` varchar(32) COLLATE utf8mb4_unicode_ci NOT NULL,
  `route_name` varchar(64) COLLATE utf8mb4_unicode_ci NOT NULL,
  `created_at` timestamp NULL DEFAULT NULL,
  `updated_at` timestamp NULL DEFAULT NULL,
  PRIMARY KEY (`id`),
  KEY `permissions_role_index` (`role`)
) ENGINE=InnoDB DEFAULT CHARSET=utf8mb4 COLLATE=utf8mb4_unicode_ci;

DROP TABLE IF EXISTS `photo_languages`;
CREATE TABLE `photo_languages` (
  `id` int(10) unsigned NOT NULL AUTO_INCREMENT,
  `photo_id` int(10) unsigned NOT NULL,
  `language` char(2) COLLATE utf8mb4_unicode_ci NOT NULL,
  `title` varchar(255) COLLATE utf8mb4_unicode_ci NOT NULL,
  `created_at` timestamp NULL DEFAULT NULL,
  `updated_at` timestamp NULL DEFAULT NULL,
  PRIMARY KEY (`id`),
  KEY `photo_languages_photo_id_foreign` (`photo_id`)
) ENGINE=InnoDB DEFAULT CHARSET=utf8mb4 COLLATE=utf8mb4_unicode_ci;

DROP TABLE IF EXISTS `photos`;
CREATE TABLE `photos` (
  `id` int(10) unsigned NOT NULL AUTO_INCREMENT,
  `gallery_id` int(10) unsigned NOT NULL,
  `position` int(10) unsigned NOT NULL DEFAULT '1',
  `visible` tinyint(1) NOT NULL DEFAULT '1',
  `file` varchar(800) COLLATE utf8mb4_unicode_ci DEFAULT NULL,
  `created_at` timestamp NULL DEFAULT NULL,
  `updated_at` timestamp NULL DEFAULT NULL,
  PRIMARY KEY (`id`),
  KEY `photos_gallery_id_foreign` (`gallery_id`)
) ENGINE=InnoDB DEFAULT CHARSET=utf8mb4 COLLATE=utf8mb4_unicode_ci;

DROP TABLE IF EXISTS `provider_languages`;
CREATE TABLE `provider_languages` (
  `id` int(10) unsigned NOT NULL AUTO_INCREMENT,
  `provider_id` int(10) unsigned NOT NULL,
  `language` char(2) COLLATE utf8mb4_unicode_ci NOT NULL,
  `title` varchar(255) COLLATE utf8mb4_unicode_ci NOT NULL,
  `description` text COLLATE utf8mb4_unicode_ci,
  `content` mediumtext COLLATE utf8mb4_unicode_ci,
  `meta_desc` varchar(255) COLLATE utf8mb4_unicode_ci DEFAULT NULL,
  `created_at` timestamp NULL DEFAULT NULL,
  `updated_at` timestamp NULL DEFAULT NULL,
  PRIMARY KEY (`id`),
  KEY `provider_languages_provider_id_foreign` (`provider_id`)
) ENGINE=InnoDB AUTO_INCREMENT=25 DEFAULT CHARSET=utf8mb4 COLLATE=utf8mb4_unicode_ci;

DROP TABLE IF EXISTS `providers`;
CREATE TABLE `providers` (
  `id` int(10) unsigned NOT NULL AUTO_INCREMENT,
  `collection_id` int(10) unsigned NOT NULL,
  `slug` varchar(255) COLLATE utf8mb4_unicode_ci NOT NULL,
  `position` int(10) unsigned NOT NULL DEFAULT '1',
  `visible` tinyint(1) NOT NULL DEFAULT '1',
  `coming_soon` tinyint(1) NOT NULL DEFAULT '0',
  `image` varchar(255) COLLATE utf8mb4_unicode_ci DEFAULT NULL,
  `created_at` timestamp NULL DEFAULT NULL,
  `updated_at` timestamp NULL DEFAULT NULL,
  PRIMARY KEY (`id`),
  KEY `providers_collection_id_foreign` (`collection_id`)
) ENGINE=InnoDB AUTO_INCREMENT=13 DEFAULT CHARSET=utf8mb4 COLLATE=utf8mb4_unicode_ci;

DROP TABLE IF EXISTS `service_languages`;
CREATE TABLE `service_languages` (
  `id` int(10) unsigned NOT NULL AUTO_INCREMENT,
  `service_id` int(10) unsigned NOT NULL,
  `language` char(2) COLLATE utf8mb4_unicode_ci NOT NULL,
  `title` varchar(255) COLLATE utf8mb4_unicode_ci NOT NULL,
  `content` mediumtext COLLATE utf8mb4_unicode_ci,
  `created_at` timestamp NULL DEFAULT NULL,
  `updated_at` timestamp NULL DEFAULT NULL,
  PRIMARY KEY (`id`),
  KEY `member_languages_member_id_foreign` (`service_id`)
) ENGINE=InnoDB AUTO_INCREMENT=14 DEFAULT CHARSET=utf8mb4 COLLATE=utf8mb4_unicode_ci ROW_FORMAT=DYNAMIC;

DROP TABLE IF EXISTS `services`;
CREATE TABLE `services` (
  `id` int(10) unsigned NOT NULL AUTO_INCREMENT,
  `collection_id` int(10) unsigned NOT NULL,
  `position` int(10) unsigned NOT NULL DEFAULT '1',
  `visible` tinyint(1) NOT NULL DEFAULT '1',
  `image` varchar(255) COLLATE utf8mb4_unicode_ci DEFAULT NULL,
  `created_at` timestamp NULL DEFAULT NULL,
  `updated_at` timestamp NULL DEFAULT NULL,
  PRIMARY KEY (`id`),
  KEY `members_collection_id_foreign` (`collection_id`)
) ENGINE=InnoDB AUTO_INCREMENT=8 DEFAULT CHARSET=utf8mb4 COLLATE=utf8mb4_unicode_ci ROW_FORMAT=DYNAMIC;

DROP TABLE IF EXISTS `slider`;
CREATE TABLE `slider` (
  `id` int(10) unsigned NOT NULL AUTO_INCREMENT,
  `position` int(10) unsigned NOT NULL DEFAULT '1',
  `visible` tinyint(1) NOT NULL DEFAULT '1',
  `file` varchar(800) COLLATE utf8mb4_unicode_ci DEFAULT NULL,
  `link` varchar(800) COLLATE utf8mb4_unicode_ci DEFAULT NULL,
  `created_at` timestamp NULL DEFAULT NULL,
  `updated_at` timestamp NULL DEFAULT NULL,
  PRIMARY KEY (`id`)
) ENGINE=InnoDB DEFAULT CHARSET=utf8mb4 COLLATE=utf8mb4_unicode_ci;

DROP TABLE IF EXISTS `slider_languages`;
CREATE TABLE `slider_languages` (
  `id` int(10) unsigned NOT NULL AUTO_INCREMENT,
  `slider_id` int(10) unsigned NOT NULL,
  `language` char(2) COLLATE utf8mb4_unicode_ci NOT NULL,
  `title` varchar(255) COLLATE utf8mb4_unicode_ci NOT NULL,
  `description` varchar(800) COLLATE utf8mb4_unicode_ci DEFAULT NULL,
  `created_at` timestamp NULL DEFAULT NULL,
  `updated_at` timestamp NULL DEFAULT NULL,
  PRIMARY KEY (`id`),
  KEY `slider_languages_slider_id_foreign` (`slider_id`)
) ENGINE=InnoDB DEFAULT CHARSET=utf8mb4 COLLATE=utf8mb4_unicode_ci;

DROP TABLE IF EXISTS `translation_languages`;
CREATE TABLE `translation_languages` (
  `id` int(10) unsigned NOT NULL AUTO_INCREMENT,
  `translation_id` int(10) unsigned NOT NULL,
  `language` char(2) COLLATE utf8mb4_unicode_ci NOT NULL,
  `value` varchar(255) COLLATE utf8mb4_unicode_ci NOT NULL,
  `created_at` timestamp NULL DEFAULT NULL,
  `updated_at` timestamp NULL DEFAULT NULL,
  PRIMARY KEY (`id`),
  KEY `translation_languages_translation_id_foreign` (`translation_id`)
) ENGINE=InnoDB AUTO_INCREMENT=22 DEFAULT CHARSET=utf8mb4 COLLATE=utf8mb4_unicode_ci;

DROP TABLE IF EXISTS `translations`;
CREATE TABLE `translations` (
  `id` int(10) unsigned NOT NULL AUTO_INCREMENT,
  `name` varchar(64) COLLATE utf8mb4_unicode_ci NOT NULL,
  `title` varchar(255) COLLATE utf8mb4_unicode_ci NOT NULL,
  `type` varchar(32) COLLATE utf8mb4_unicode_ci DEFAULT NULL,
  `created_at` timestamp NULL DEFAULT NULL,
  `updated_at` timestamp NULL DEFAULT NULL,
  PRIMARY KEY (`id`)
) ENGINE=InnoDB AUTO_INCREMENT=11 DEFAULT CHARSET=utf8mb4 COLLATE=utf8mb4_unicode_ci;

DROP TABLE IF EXISTS `users`;
CREATE TABLE `users` (
  `id` int(10) unsigned NOT NULL AUTO_INCREMENT,
  `email` varchar(255) COLLATE utf8mb4_unicode_ci NOT NULL,
  `firstname` varchar(255) COLLATE utf8mb4_unicode_ci NOT NULL,
  `lastname` varchar(255) COLLATE utf8mb4_unicode_ci NOT NULL,
  `phone` varchar(32) COLLATE utf8mb4_unicode_ci DEFAULT NULL,
  `address` varchar(255) COLLATE utf8mb4_unicode_ci DEFAULT NULL,
  `active` tinyint(1) NOT NULL DEFAULT '1',
  `password` varchar(128) COLLATE utf8mb4_unicode_ci NOT NULL,
  `remember_token` varchar(128) COLLATE utf8mb4_unicode_ci DEFAULT NULL,
  `created_at` timestamp NULL DEFAULT NULL,
  `updated_at` timestamp NULL DEFAULT NULL,
  PRIMARY KEY (`id`)
) ENGINE=InnoDB DEFAULT CHARSET=utf8mb4 COLLATE=utf8mb4_unicode_ci;

DROP TABLE IF EXISTS `video_languages`;
CREATE TABLE `video_languages` (
  `id` int(10) unsigned NOT NULL AUTO_INCREMENT,
  `video_id` int(10) unsigned NOT NULL,
  `language` char(2) COLLATE utf8mb4_unicode_ci NOT NULL,
  `title` varchar(255) COLLATE utf8mb4_unicode_ci NOT NULL,
  `created_at` timestamp NULL DEFAULT NULL,
  `updated_at` timestamp NULL DEFAULT NULL,
  PRIMARY KEY (`id`),
  KEY `video_languages_video_id_foreign` (`video_id`)
) ENGINE=InnoDB DEFAULT CHARSET=utf8mb4 COLLATE=utf8mb4_unicode_ci;

DROP TABLE IF EXISTS `videos`;
CREATE TABLE `videos` (
  `id` int(10) unsigned NOT NULL AUTO_INCREMENT,
  `gallery_id` int(10) unsigned NOT NULL,
  `position` int(10) unsigned NOT NULL DEFAULT '1',
  `visible` tinyint(1) NOT NULL DEFAULT '1',
  `file` varchar(800) COLLATE utf8mb4_unicode_ci DEFAULT NULL,
  `created_at` timestamp NULL DEFAULT NULL,
  `updated_at` timestamp NULL DEFAULT NULL,
  PRIMARY KEY (`id`),
  KEY `videos_gallery_id_foreign` (`gallery_id`)
) ENGINE=InnoDB DEFAULT CHARSET=utf8mb4 COLLATE=utf8mb4_unicode_ci;

DROP TABLE IF EXISTS `web_settings`;
CREATE TABLE `web_settings` (
  `id` tinyint(4) NOT NULL AUTO_INCREMENT,
  `email` varchar(255) COLLATE utf8mb4_unicode_ci DEFAULT NULL,
  `email1` varchar(255) COLLATE utf8mb4_unicode_ci DEFAULT NULL,
  `phone` varchar(32) COLLATE utf8mb4_unicode_ci DEFAULT NULL,
  `facebook` varchar(255) COLLATE utf8mb4_unicode_ci DEFAULT NULL,
  `twitter` varchar(255) COLLATE utf8mb4_unicode_ci DEFAULT NULL,
  `instagram` varchar(255) COLLATE utf8mb4_unicode_ci DEFAULT NULL,
  `youtube` varchar(255) COLLATE utf8mb4_unicode_ci DEFAULT NULL,
  `map` varchar(800) COLLATE utf8mb4_unicode_ci DEFAULT NULL,
  `google_play_link` varchar(255) COLLATE utf8mb4_unicode_ci DEFAULT NULL,
  `app_store_link` varchar(255) COLLATE utf8mb4_unicode_ci DEFAULT NULL,
  `home_page_slide_stars_value` varchar(255) COLLATE utf8mb4_unicode_ci DEFAULT NULL,
  `home_page_slide_title_ge` varchar(255) COLLATE utf8mb4_unicode_ci DEFAULT NULL,
  `home_page_slide_title_en` varchar(255) COLLATE utf8mb4_unicode_ci DEFAULT NULL,
  `home_page_slide_text_ge` text COLLATE utf8mb4_unicode_ci,
  `home_page_slide_text_en` text COLLATE utf8mb4_unicode_ci,
  `home_page_slide_image_1` varchar(255) COLLATE utf8mb4_unicode_ci DEFAULT NULL,
  `home_page_slide_image_2` varchar(255) COLLATE utf8mb4_unicode_ci DEFAULT NULL,
  `home_page_features_image` varchar(255) COLLATE utf8mb4_unicode_ci DEFAULT NULL,
  `google_analytic_id` varchar(255) COLLATE utf8mb4_unicode_ci DEFAULT NULL,
  `created_at` timestamp NULL DEFAULT NULL,
  `updated_at` timestamp NULL DEFAULT NULL,
  PRIMARY KEY (`id`)
) ENGINE=InnoDB AUTO_INCREMENT=2 DEFAULT CHARSET=utf8mb4 COLLATE=utf8mb4_unicode_ci;

INSERT INTO `article_languages` (`id`, `article_id`, `language`, `title`, `description`, `content`, `meta_desc`, `created_at`, `updated_at`) VALUES ('7', '4', 'ge', 'ნინო წამალაძე', '<p>საბეჭდი და ტიპოგრაფიული ინდუსტრიის უშინაარსო ტექსტია. იგი სტანდარტად 1500-იანი წლებიდან იქცა, როდესაც უცნობმა მბეჭდავმა ამწყობ დაზგაზე წიგნის საცდელი ეგზემპლარი</p>', NULL, NULL, '2019-06-07 09:09:13', '2019-06-18 08:54:03');
INSERT INTO `article_languages` (`id`, `article_id`, `language`, `title`, `description`, `content`, `meta_desc`, `created_at`, `updated_at`) VALUES ('8', '4', 'en', 'ნინო წამალაძე', '<p>საბეჭდი და ტიპოგრაფიული ინდუსტრიის უშინაარსო ტექსტია. იგი სტანდარტად 1500-იანი წლებიდან იქცა, როდესაც უცნობმა მბეჭდავმა ამწყობ დაზგაზე წიგნის საცდელი ეგზემპლარი</p>', NULL, NULL, '2019-06-07 09:09:14', '2019-06-07 09:09:14');
INSERT INTO `article_languages` (`id`, `article_id`, `language`, `title`, `description`, `content`, `meta_desc`, `created_at`, `updated_at`) VALUES ('31', '16', 'ge', 'რამდენი უნდა ვიაროთ ფეხით, რომ წონაში დავიკლოთ', '<p><span style=\"font-weight: 400;\">ბოლო დროის ყველაზე გავრცელებული და მარტივი ვარჯიში სიარულია.</span></p>\r\n<p><span style=\"font-weight: 400;\">სიარულით ადამიანს საშუალოდ კვირაში 500 გრამის, 5 თვეში კი 8 კილოზე მეტის დაკლება შეუძლია.</span></p>', '<p style=\"text-align: justify;\"><span style=\"font-weight: 400; font-size: 12px;\">ბოლო დროის ყველაზე გავრცელებული და მარტივი ვარჯიში სიარულია.</span></p>\r\n<p style=\"text-align: justify;\"><span style=\"font-weight: 400; font-size: 12px;\">სიარულით ადამიანს საშუალოდ კვირაში 500 გრამის, 5 თვეში კი 8 კილოზე მეტის დაკლება შეუძლია.</span></p>\r\n<p style=\"text-align: justify;\"><span style=\"font-weight: 400; font-size: 12px;\">რა თქმა უნდა, ყველაფერი მაინც წონასა და მანძილზეა დამოკიდებული.</span></p>\r\n<p style=\"text-align: justify;\"><span style=\"font-weight: 400; font-size: 12px;\">ზოგადად, თუ თქვენ საშუალო ტემპით ივლით (5 კმ/სთ), ერთ საათში 400 კალორიას დაწვავთ. თუმცა, შეგიძლიათ 5 კილომეტრზე არ გაჩერდეთ და დამატებით 3 კმ გაიაროთ, რა შემთხვევაშიც კიდევ 300 კალორიას დაწვავთ.</span></p>\r\n<p style=\"text-align: justify;\"><span style=\"font-weight: 400; font-size: 12px;\">შეგიძლიათ უფრო ნაკლებიც იაროთ. მთავარია, სიარული თქვენი დღის ნაწილად აქციოთ. ამაში შეიძლება პედომეტრი (ბიჯსაზომი) დაგეხმაროთ.</span></p>\r\n<p style=\"text-align: justify;\"><span style=\"font-size: 12px;\">&nbsp;</span></p>\r\n<h1><span style=\"font-size: 20px;\"><span style=\"font-weight: 400;\">პედომეტრი</span> <span style=\"font-weight: 400;\">და</span> <span style=\"font-weight: 400;\">წონაში</span> <span style=\"font-weight: 400;\">კლება</span></span></h1>\r\n<p style=\"text-align: justify;\"><span style=\"font-size: 12px;\">&nbsp;</span></p>\r\n<p style=\"text-align: justify;\"><span style=\"font-weight: 400; font-size: 12px;\">პედომეტრი ნაბიჯების აღმრიცხველი ხელსაწყოა, ის გამოგითვლით რამდენი ნაბიჯი გადადგით, რის მიხედვითაც გამოანგარიშებს რა მანძილი გაიარეთ და რამდენი კალორია დაწვით.</span></p>\r\n<p style=\"text-align: justify;\"><span style=\"font-weight: 400; font-size: 12px;\">რომ გაიგოთ, რამდენი კილომეტრი უნდა იაროთ ზედმეტი კილოგრამების დასაკლებად, ჯერ ის უნდა იცოდეთ, უკვე რამდენს გადიხართ.</span></p>\r\n<p style=\"text-align: justify;\"><span style=\"font-weight: 400; font-size: 12px;\">მაგალითად, გაიგეთ, რომ ამჟამინდელი გრაფიკის მიხედვით დღეში 8.000 ნაბიჯს დგამთ, წონას კი მხოლოდ ინარჩუნებთ და არ იკლებთ.</span></p>\r\n<p style=\"text-align: justify;\"><span style=\"font-weight: 400; font-size: 12px;\">როდესაც ეს მონაცემები უკვე გაქვთ, მხოლოდ მარტივი მათემატიკა დაგჭირდებათ იმის გამოსათვლელად, თუ დამატებით რამდენი ნაბიჯი დაგჭირდებათ დასაკლებად.</span></p>\r\n<p style=\"text-align: justify;\"><span style=\"font-size: 12px;\">&nbsp;</span></p>\r\n<h1><span style=\"font-size: 20px;\"><span style=\"font-weight: 400;\">მარტივი</span> <span style=\"font-weight: 400;\">მათემატიკა</span></span></h1>\r\n<p style=\"text-align: justify;\"><span style=\"font-size: 12px;\">&nbsp;</span></p>\r\n<p style=\"text-align: justify;\"><span style=\"font-weight: 400; font-size: 12px;\">1 კვირაში 500 გრამი რომ დაიკლოთ, დაახლოებით 3.500 კალორია უნდა დაწვათ, რაც დღეში 500 კალორიაა.</span></p>\r\n<p style=\"text-align: justify;\"><span style=\"font-weight: 400; font-size: 12px;\">1 კილომეტრში ადამიანი საშუალოდ 1.250 ნაბიჯს დგამს და 62.5 კალორიას წვავს.</span></p>\r\n<p style=\"text-align: justify;\"><span style=\"font-weight: 400; font-size: 12px;\">გამოდის, რომ დღეში 500 კალორიის დასაწვავად, 10,000 ნაბიჯი უნდა გადადგას.</span></p>\r\n<p style=\"text-align: justify;\"><span style=\"font-weight: 400; font-size: 12px;\">10.000 ნაბიჯი 8 კილომეტრია, რაც საკმაოდ დიდი მანძილია იმისთვის, რომ ყოველდღე მოასწროთ. თუმცა, არსებობს გზები, როგორ შეიძლება ეს რუტინა თქვენს დატვირთულ გრაფიკში რამენაირად მაინც ჩასვათ.</span></p>\r\n<p style=\"text-align: justify;\"><span style=\"font-weight: 400; font-size: 12px;\">პირველ რიგში, გაითვალისწიენთ, რომ აუცილებელი არაა თავიდანვე 10.000 ნაბიჯით დაიწყოთ. დაიწყეთ ნაკლებით და დროთა განმავლობაში მოუმატეთ.</span></p>\r\n<p style=\"text-align: justify;\"><span style=\"font-size: 12px;\">&nbsp;</span></p>\r\n<ul>\r\n<li style=\"font-weight: 400; text-align: justify;\"><span style=\"font-weight: 400; font-size: 12px;\">ჩამოდით ტრანსპორტიდან რამდენიმე გაჩერებით ადრე და დარჩენილი მანძილი ფეხით გაიარეთ;</span></li>\r\n<li style=\"font-weight: 400; text-align: justify;\"><span style=\"font-weight: 400; font-size: 12px;\">მანქანა დანიშნულებიდან ცოტა შორს გააჩერეთ;</span></li>\r\n<li style=\"font-weight: 400; text-align: justify;\"><span style=\"font-weight: 400; font-size: 12px;\">არ გამოიყენოთ ლიფტი და სართულები ფეხით აიარეთ.</span></li>\r\n</ul>', 'ბოლო დროის ყველაზე გავრცელებული და მარტივი ვარჯიში სიარულია.  სიარულით ადამიანს საშუალოდ კვირაში 500 გრამის, 5 თვეში კი 8 კილოზე მეტის დაკლება შეუძლია.', '2019-06-26 10:37:25', '2019-10-07 08:53:27');
INSERT INTO `article_languages` (`id`, `article_id`, `language`, `title`, `description`, `content`, `meta_desc`, `created_at`, `updated_at`) VALUES ('32', '16', 'en', 'რამდენი უნდა ვიაროთ ფეხით, რომ წონაში დავიკლოთ', '<p><span style=\"font-weight: 400;\">ბოლო დროის ყველაზე გავრცელებული და მარტივი ვარჯიში სიარულია.</span></p>\r\n<p><span style=\"font-weight: 400;\">სიარულით ადამიანს საშუალოდ კვირაში 500 გრამის, 5 თვეში კი 8 კილოზე მეტის დაკლება შეუძლია.</span></p>', '<p><span style=\"font-weight: 400;\">ბოლო დროის ყველაზე გავრცელებული და მარტივი ვარჯიში სიარულია.</span></p>\r\n<p><span style=\"font-weight: 400;\">სიარულით ადამიანს საშუალოდ კვირაში 500 გრამის, 5 თვეში კი 8 კილოზე მეტის დაკლება შეუძლია.</span></p>\r\n<p><span style=\"font-weight: 400;\">რა თქმა უნდა, ყველაფერი მაინც წონასა და მანძილზეა დამოკიდებული.</span></p>\r\n<p><span style=\"font-weight: 400;\">ზოგადად, თუ თქვენ საშუალო ტემპით ივლით (5 კმ/სთ), ერთ საათში 400 კალორიას დაწვავთ. თუმცა, შეგიძლიათ 5 კილომეტრზე არ გაჩერდეთ და დამატებით 3 კმ გაიაროთ, რა შემთხვევაშიც კიდევ 300 კალორიას დაწვავთ.</span></p>\r\n<p><span style=\"font-weight: 400;\">შეგიძლიათ უფრო ნაკლებიც იაროთ. მთავარია სიარული თქვენი დღის ნაწილად აქციოთ. ამაში შეიძლება პედომეტრი (ბიჯსაზომი) დაგეხმაროთ.</span></p>\r\n<h2><span style=\"font-weight: 400;\">პედომეტრი</span> <span style=\"font-weight: 400;\">და</span> <span style=\"font-weight: 400;\">წონაში</span> <span style=\"font-weight: 400;\">კლება</span></h2>\r\n<p><span style=\"font-weight: 400;\">პედომეტრი ნაბიჯების აღმრიცხველი ხელსაწყოა, ის გამოგითვლით რამდენი ნაბიჯი გადადგით, რის მიხედვითაც გამოანგარიშებს რა მანძილი გაიარეთ და რამდენი კალორია დაწვით.</span></p>\r\n<p><span style=\"font-weight: 400;\">რომ გაიგოთ, რამდენი კილომეტრი უნდა იაროთ ზედმეტი კილოგრამების დასაკლებად, ჯერ ის უნდა იცოდეთ, უკვე რამდენს გადიხართ.</span></p>\r\n<p><span style=\"font-weight: 400;\">მაგალითად, გაიგეთ, რომ ამჟამინდელი გრაფიკის მიხედვით დღეში 8.000 ნაბიჯს დგამთ, წონას კი მხოლოდ ინარჩუნებთ და არ იკლებთ.</span></p>\r\n<p><span style=\"font-weight: 400;\">როდესაც ეს მონაცემები უკვე გაქვთ, მხოლოდ მარტივი მათემატიკაა დაგჭირდებათ იმის გამოსათვლელად, თუ დამატებით რამდენი ნაბიჯი დაგჭირდებათ დასაკლებად.</span></p>\r\n<h2><span style=\"font-weight: 400;\">მარტივი</span> <span style=\"font-weight: 400;\">მათემატიკა</span></h2>\r\n<p><span style=\"font-weight: 400;\">1 კვირაში 500 გრამი რომ დაიკლოთ, დაახლოებით 3.500 კალორია უნდა დაწვათ, რაც დღეში 500 კალორიაა.</span></p>\r\n<p><span style=\"font-weight: 400;\">1 კილომეტრში ადამიანი საშუალოდ 1.250 ნაბიჯს დგამს და 62.5 კალორიას წვავს.</span></p>\r\n<p><span style=\"font-weight: 400;\">გამოდის, რომ დღეში 500 კალორიის დასაწვავად, 10,000 ნაბიჯი უნდა გადადგას.</span></p>\r\n<p><span style=\"font-weight: 400;\">10.000 ნაბიჯი 8 კილომეტრია, რაც საკმაოდ დიდი მანძილია იმისთვის, რომ ყოველდღე მოასწროთ. თუმცა, არსებობს გზები, როგორ შეიძლება ეს რუტინა თქვენს დატვირთულ გრაფიკში რამენაირად მაინც ჩასვათ.</span></p>\r\n<p><span style=\"font-weight: 400;\">პირველ რიგში, გაითვალისწიენთ, რომ აუცილებელი არაა თავიდანვე 10.000 ნაბიჯით დაიწყოთ. დაიწყეთ ნაკლებით და დროთა განმავლობაში მოუმატეთ.</span></p>\r\n<ul>\r\n<li style=\"font-weight: 400;\"><span style=\"font-weight: 400;\">ჩამოდით ტრანსპორტიდან რამდენიმე გაჩერებით ადრე და დარჩენილი მანძილი ფეხით გაიარეთ;</span></li>\r\n<li style=\"font-weight: 400;\"><span style=\"font-weight: 400;\">მანქანა დანიშნულებიდან ცოტა შორს გააჩერეთ;</span></li>\r\n<li style=\"font-weight: 400;\"><span style=\"font-weight: 400;\">არ გამოიყენოთ ლიფტი და სართულები ფეხით აიარეთ.</span></li>\r\n</ul>', 'ბოლო დროის ყველაზე გავრცელებული და მარტივი ვარჯიში სიარულია.  სიარულით ადამიანს საშუალოდ კვირაში 500 გრამის, 5 თვეში კი 8 კილოზე მეტის დაკლება შეუძლია.', '2019-06-26 10:37:25', '2019-06-26 10:41:40');
INSERT INTO `article_languages` (`id`, `article_id`, `language`, `title`, `description`, `content`, `meta_desc`, `created_at`, `updated_at`) VALUES ('33', '17', 'ge', 'არის თუ არა თაფლი შაქარზე სასარგებლო', '<p><span style=\"font-weight: 400;\">როდესაც ადამიანები შაქრის მავნელობაზე საუბრობენ, იქვე აუცილებლად თაფლსაც ახსენებენ ხოლმე. ისინი დასძენენ, რომ შაქრის გამოყენება ჯანმრთელობისთვის სახიფათოა და რომ ჯობს ის თაფლით ჩავანაცვლოთ.</span></p>', '<p style=\"text-align: justify;\"><span style=\"font-weight: 400;\">როდესაც ადამიანები შაქრის მავნელობაზე საუბრობენ, იქვე აუცილებლად თაფლსაც ახსენებენ ხოლმე. ისინი დასძენენ, რომ შაქრის გამოყენება ჯანმრთელობისთვის სახიფათოა და რომ ჯობს ის თაფლით ჩავანაცვლოთ.</span></p>\r\n<p style=\"text-align: justify;\"><span style=\"font-weight: 400;\">რამდენად შეესაბამება ეს აზრი სიმართლეს?</span></p>\r\n<p style=\"text-align: justify;\"><span style=\"font-weight: 400;\">არც ისე.</span></p>\r\n<p style=\"text-align: justify;\"><span style=\"font-weight: 400;\">მოდით, ვნახოთ რატომ.</span></p>\r\n<p style=\"text-align: justify;\"><span style=\"font-weight: 400;\">&nbsp;</span></p>\r\n<p style=\"text-align: justify;\"><span style=\"font-weight: 400;\">შაქარსა და თაფლში დაახლოებით ერთნაირი რაოდენობის გლუკოზა და ფრუქტოზაა. მთავარი, რაც მათ ერთმანეთისგან განასხვავებს ისაა, რომ თაფლი მონოსაქარიდებისგან შედგება, შაქარი კი &ndash; დისაქარიდებისგან.</span></p>\r\n<p style=\"text-align: justify;\"><span style=\"font-weight: 400;\">უფრო მარტივად რომ ვთქვათ, თაფლში გლუკოზა და ფრუქტოზა ცალ-ცალკე გვხვდება, შაქარში კი &ndash; ერთად.</span></p>\r\n<p style=\"text-align: justify;\"><span style=\"font-weight: 400;\">თუმცა, ეს ორგანიზმისთვის ბევრს არაფერს ცვლის.</span></p>\r\n<p style=\"text-align: justify;\"><span style=\"font-weight: 400;\">როდესაც ჩვენი ორგანიზმი შაქარსა და თაფლს გადაამუშავებს, საბოლოოდ ორივე შემთხვევაში ერთსა და იმავე რამეს: მონოსაქარიდებს იღებს.</span></p>\r\n<p style=\"text-align: justify;\"><span style=\"font-weight: 400;\">&nbsp;</span></p>\r\n<p style=\"text-align: justify;\"><span style=\"font-weight: 400;\">იმ დისაქარიდს, რომელიც შაქარში გვხვდება, საქაროზას (გლუკოზა და ფრუქტოზა ერთად) ვუწოდებთ.</span></p>\r\n<p style=\"text-align: justify;\"><span style=\"font-weight: 400;\">როდესაც ჩვენ შაქარს მივირთმევთ, საქაროზას ვიღებთ, ხოლო როდესაც თაფლს &ndash; გლუკოზასა და ფრუქტოზას ცალ-ცალკე. საბოლოოდ კი საქაროზაც გლუკოზამდე და ფრუქტოზამდე დაიყვანება.</span></p>\r\n<p style=\"text-align: justify;\"><span style=\"font-weight: 400;\">ცხადია, დისაქარიდი უნდა დაიშალოს, რათა მონოსაქარიდები მივიღოთ, ამას კი დრო სჭირდება.</span></p>\r\n<p style=\"text-align: justify;\"><span style=\"font-weight: 400;\">ამიტომ, თაფლი, შაქართან შედარებით უფრო სწრაფად მოგვცემს ენერგიას, ვინაიდან თაფლში გლუკოზა და ფრუქტოზა ისედაც ცალ-ცალკეა.</span></p>\r\n<p style=\"text-align: justify;\"><span style=\"font-weight: 400;\">ეს იმას ნიშნავს, რომ თუ ოდესმე ენერგიის სწრაფი წყარო დაგჭირდებათ და არჩევანი შაქარსა და თაფლს შორის გექნებათ, აჯობებს თაფლი აირჩიოთ.</span></p>\r\n<p style=\"text-align: justify;\"><span style=\"font-weight: 400;\">თუმცა, გარდა ბოლო შემთხვევისა, ორგანიზმი მათ შორის განსხვავებას ვერ ხედავს. მისთვის მნიშნელობა არ აქვს, თქვენ თაფლს მიიღებთ თუ &ndash; შაქარს: ისინი მაინც ერთსა და იმავე საკვებ ნივთიერებებს შეიცავენ და საბოლოო შედეგიც ერთია.</span></p>', 'როდესაც ადამიანები შაქრის მავნელობაზე საუბრობენ, იქვე აუცილებლად თაფლსაც ახსენებენ ხოლმე. ისინი დასძენენ, რომ შაქრის გამოყენება ჯანმრთელობისთვის სახიფათოა და რომ ჯობს ის თაფლით ჩავანაცვლოთ.', '2019-06-27 11:58:46', '2019-12-18 13:08:21');
INSERT INTO `article_languages` (`id`, `article_id`, `language`, `title`, `description`, `content`, `meta_desc`, `created_at`, `updated_at`) VALUES ('34', '17', 'en', 'არის თუ არა თაფლი შაქარზე სასარგებლო', '<p><span style=\"font-weight: 400;\">როდესაც ადამიანები შაქრის მავნელობაზე საუბრობენ, იქვე აუცილებლად თაფლსაც ახსენებენ ხოლმე. ისინი დასძენენ, რომ შაქრის გამოყენება ჯანმრთელობისთვის სახიფათოა და რომ ჯობს ის თაფლით ჩავანაცვლოთ.</span></p>', '<p><span style=\"font-weight: 400;\">როდესაც ადამიანები შაქრის მავნელობაზე საუბრობენ, იქვე აუცილებლად თაფლსაც ახსენებენ ხოლმე. ისინი დასძენენ, რომ შაქრის გამოყენება ჯანმრთელობისთვის სახიფათოა და რომ ჯობს ის თაფლით ჩავანაცვლოთ.</span></p>\r\n<p><span style=\"font-weight: 400;\">რამდენად შეესაბამება ეს აზრი სიმართლეს?</span></p>\r\n<p><span style=\"font-weight: 400;\">არც ისე.</span></p>\r\n<p><span style=\"font-weight: 400;\">მოდით, ვნახოთ რატომ.</span></p>\r\n<p><span style=\"font-weight: 400;\">&nbsp;</span></p>\r\n<p><span style=\"font-weight: 400;\">შაქარსა და თაფლში დაახლოებით ერთნაირი რაოდენობის გლუკოზა და ფრუქტოზაა. მთავარი, რაც მათ ერთმანეთისგან განასხვავებს ისაა, რომ თაფლი მონოსაქარიდებისგან შედგება, შაქარი კი &ndash; დისაქარიდებისგან.</span></p>\r\n<p><span style=\"font-weight: 400;\">უფრო მარტივად რომ ვთქვათ, თაფლში გლუკოზა და ფრუქტოზა ცალ-ცალკე გვხვდება, შაქარში კი &ndash; ერთად.</span></p>\r\n<p><span style=\"font-weight: 400;\">თუმცა, ეს ორგანიზმისთვის ბევრს არაფერს ცვლის.</span></p>\r\n<p><span style=\"font-weight: 400;\">როდესაც ჩვენი ორგანიზმი შაქარსა და თაფლს გადაამუშავებს, საბოლოოდ ორივე შემთხვევაში ერთსა და იმავე რამეს: მონოსაქარიდებს იღებს.</span></p>\r\n<p><span style=\"font-weight: 400;\">&nbsp;</span></p>\r\n<p><span style=\"font-weight: 400;\">იმ დისაქარიდს, რომელიც შაქარში გვხვდება, საქაროზას (გლუკოზა და ფრუქტოზა ერთად) ვუწოდებთ.</span></p>\r\n<p><span style=\"font-weight: 400;\">როდესაც ჩვენ შაქარს მივირთმევთ, საქაროზას ვიღებთ, ხოლო როდესაც თაფლს &ndash; გლუკოზასა და ფრუქტოზას ცალ-ცალკე. საბოლოოდ კი საქაროზაც გლუკოზამდე და ფრუქტოზამდე დაიყვანება.</span></p>\r\n<p><span style=\"font-weight: 400;\">ცხადია, დისაქარიდი რომ დაიშალოს რათა მონოსაქარიდები მივიღოთ, ამას კი დრო სჭირდება.</span></p>\r\n<p><span style=\"font-weight: 400;\">ამიტომ, თაფლი, შაქართან შედარებით უფრო სწრაფად მოგვცემს ენერგიას, ვინაიდან თაფლში გლუკოზა და ფრუქტოზა ისედაც ცალ-ცალკეა.</span></p>\r\n<p><span style=\"font-weight: 400;\">ეს იმას ნიშნავს, რომ თუ ოდესმე ენერგიის სწრაფი წყარო დაგჭირდებათ და არჩევანი შაქარსა და თაფლს შორის გექნებათ, აჯობებს თაფლი აირჩიოთ.</span></p>\r\n<p><span style=\"font-weight: 400;\">თუმცა, გარდა ბოლო შემთხვევისა, ორგანიზმი მათ შორის განსხვავებას ვერ ხედავს. მისთვის მნიშნელობა არ აქვს, თქვენ თაფლს მიიღებთ თუ &ndash; შაქარს: ისინი მაინც ერთსა და იმავე საკვებ ნივთიერებებს შეიცავენ და საბოლოო შედეგიც ერთია.</span></p>', 'როდესაც ადამიანები შაქრის მავნელობაზე საუბრობენ, იქვე აუცილებლად თაფლსაც ახსენებენ ხოლმე. ისინი დასძენენ, რომ შაქრის გამოყენება ჯანმრთელობისთვის სახიფათოა და რომ ჯობს ის თაფლით ჩავანაცვლოთ.', '2019-06-27 11:58:46', '2019-06-27 11:58:46');
INSERT INTO `article_languages` (`id`, `article_id`, `language`, `title`, `description`, `content`, `meta_desc`, `created_at`, `updated_at`) VALUES ('45', '23', 'ge', 'ხანდახან, ჯანსაღად კვებაც აშლილობაა', '<p>ორთორექსია, ანორექსიასა და ბულიმიასთან შედარებით, ნაკლებად ცნობილი და აღწერილია, მაგრამ მასაც შეიძლება სერიოზული უარყოფითი შედეგები ჰქონდეს.</p>\r\n<p>ეს კვებითი აშლილობა კაცებსა და ქალებს თანაბრად ემართებათ, ვეგანებსა და ვეგეტარიანელებში კი რისკი უფრო დიდია.</p>', '<p style=\"text-align: justify;\">ორთორექსია, ანორექსიასა და ბულიმიასთან შედარებით, ნაკლებად ცნობილი და აღწერილი კვებითი აშლილობაა, მაგრამ მასაც შეიძლება სერიოზული უარყოფითი შედეგები ჰქონდეს.</p>\r\n<p style=\"text-align: justify;\">ის კაცებსა და ქალებს თანაბრად ემართებათ, ვეგანებსა და ვეგეტარიანელებში კი რისკი უფრო დიდია.</p>\r\n<p style=\"text-align: justify;\">ორთორექსიით დაავადებული ადამიანების კვება, ერთი შეხედვით, იმ ადამიანების ქცევას ჰგავს, რომლებიც ჯანმრთელობაზე ზრუნავენ.</p>\r\n<p style=\"text-align: justify;\">ორივე შემთხვევაში, ადამიანი არაჯანსაღი პროდუქტების (მაგ: კონსერვანტები, მარილი, შაქარი, ცხიმი და ცხოველური ნაწარმი) ჭამას არიდებს თავს.</p>\r\n<p style=\"text-align: justify;\">თუმცა, რაღა თქმა უნდა, ორთორექსია მეტია, ვიდრე უბრალოდ ჯანსაღი კვება.<br /> ესაა მდგომარეობა, როდესაც ადამიანი ჯანსაღად კვების იდეით უკიდურესადაა შეპყრობილი, ან, უფრო პოეტურად რომ ვთქვათ, არაჯანსაღი მისწრაფება აქვს ჯანსაღი ცხოვრების წესისკენ.</p>\r\n<p style=\"text-align: justify;\">&nbsp;</p>\r\n<p style=\"text-align: justify;\">ორთორექსია, მართლაც, უწყინარი დიეტის დაცვით იწყება.</p>\r\n<p style=\"text-align: justify;\">პრობლემა ისაა, რომ რაღაც დროის შემდეგ, ჯანსაღად ცხოვრების სურვილი უმართავი ხდება და ადამიანის ცხოვრებაში პრობლემების შექმნასა და მისი მთელი ცხოვრების გაკონტროლებას იწყებს.</p>\r\n<p style=\"text-align: justify;\">კონკრეტული მომენტი, როდის გადადის კვებითი ქცევა კვებით აშლილობაში, რთული დასაჭერია, რადგან ჯანსაღ კვებასა და ორთორექსიას შორის აშკარა ზღვარი არ არსებობს.</p>\r\n<p style=\"text-align: justify;\">ყველაფერი იქამდე დაიყვანება, ზოგიერთი საკვების არჭამა ობსესია (აკვიატება) არის თუ &ndash; არა.</p>\r\n<p style=\"text-align: justify;\">ობსესიის საშიშროება დგას, თუ თქვენ:</p>\r\n<ul style=\"text-align: justify;\">\r\n<li>გადამეტებულ დროსა და ენერგიას უთმობთ იმაზე ფიქრს, თუ რა პროდუქტები იყიდოთ, მოამზადოთ და ჭამოთ;</li>\r\n<li>თქვენი ცხოვრება იმდენადაა ამ საკითხით მოცული, რომ ჩვეულებრივად ცხოვრების საშუალება აღარ აქვთ;</li>\r\n<li>იმდენად ხართ კონცენტრირებული საჭმლის წარმომავლობასა და ტიპზე, რომ თქვენთვის რთული ან შეუძლებელია ნებისმიერი ისეთი რამის მირთმევა, რაც თქვენს სახლში არ დამზადებულა.</li>\r\n</ul>\r\n<p style=\"text-align: justify;\">საბოლოო შედეგი შეიძლება კვების დეფიციტი ან წონაში კლება იყოს, რადგან ორთორექსიით დაავადებული ადამიანების კვების რაციონი თანდათან სულ უფრო ღარიბდება.</p>', 'ორთორექსია, ანორექსიასა და ბულიმიასთან შედარებით, ნაკლებად ცნობილი და აღწერილია, მაგრამ მასაც შეიძლება სერიოზული უარყოფითი შედეგები ჰქონდეს.  ეს კვებითი აშლილობა კაცებსა და ქალებს თანაბრად ემართებათ, ვეგანებსა და ვეგეტარიანელებში კი რისკი უფრო დიდია.', '2019-06-28 09:02:38', '2019-07-10 06:00:17');
INSERT INTO `article_languages` (`id`, `article_id`, `language`, `title`, `description`, `content`, `meta_desc`, `created_at`, `updated_at`) VALUES ('46', '23', 'en', 'ხანდახან, ჯანსაღად კვებაც აშლილობაა', '<p>ორთორექსია, ანორექსიასა და ბულიმიასთან შედარებით, ნაკლებად ცნობილი და აღწერილია, მაგრამ მასაც შეიძლება სერიოზული უარყოფითი შედეგები ჰქონდეს.</p>\r\n<p>ეს კვებითი აშლილობა კაცებსა და ქალებს თანაბრად ემართებათ, ვეგანებსა და ვეგეტარიანელებში კი რისკი უფრო დიდია.</p>', '<p>ორთორექსია, ანორექსიასა და ბულიმიასთან შედარებით, ნაკლებად ცნობილი და აღწერილი კვებითი აშლილობაა, მაგრამ მასაც შეიძლება სერიოზული უარყოფითი შედეგები ჰქონდეს.</p>\r\n<p>ეს კვებითი აშლილობა კაცებსა და ქალებს თანაბრად ემართებათ, ვეგანებსა და ვეგეტარიანელებში კი რისკი უფრო დიდია.</p>\r\n<p>ორთორექსიით დაავადებული ადამიანების კვება, ერთი შეხედვით, იმ ადამიანების ქცევას ჰგავს, რომლებიც ჯანმრთელობაზე ზრუნავენ.</p>\r\n<p>ორივე შემთხვევაში, ადამიანი არაჯანსაღი რამეების (მაგ: კონსერვანტები, მარილი, შაქარი, ცხიმი და ცხოველური ნაწარმი) ჭამას არიდებს თავს.</p>\r\n<p>თუმცა, რაღა თქმა უნდა, ორთორექსია მეტია, ვიდრე უბრალოდ ჯანსაღი კვება.<br /> ესაა მდგომარეობა, როდესაც ადამიანი ჯანსაღად კვების იდეით უკიდურესადაა შეპყრობილი, ან, უფრო პოეტურად რომ ვთქვათ, არაჯანსაღი მისწრაფება აქვს ჯანსაღი ცხოვრების წესისკენ.</p>\r\n<p>&nbsp;</p>\r\n<p>ორთორექსია, მართლაც, უწყინარი დიეტის დაცვით იწყება.</p>\r\n<p>პრობლემა ისაა, რომ რაღაც დროის შემდეგ, ჯანსაღად ცხოვრების სურვილი უმართავი ხდება და ადამიანის ცხოვრებაში პრობლემების შექმნასა და მისი მთელი ცხოვრების გაკონტროლებას იწყებს.</p>\r\n<p>კონკრეტული მომენტი, როდის გადადის კვებითი ქცევა კვებით აშლილობაში, რთული დასაჭერია, რადგან ჯანსაღ კვებასა და ორთორექსიას შორის აშკარა ზღვარი არ არსებობს.</p>\r\n<p>ყველაფერი იქამდე დაიყვანება, ზოგიერთი საკვების არჭამა ობსესია (აკვიატება) არის თუ &ndash; არა.</p>\r\n<p>ობსესიის საშიშროება დგას, თუ თქვენ:</p>\r\n<ul>\r\n<li>გადამეტებულ დროსა და ენერგიას უთმობთ იმაზე ფიქრს, თუ რა პროდუქტები იყიდოთ, მოამზადოთ და ჭამოთ;</li>\r\n<li>თქვენი ცხოვრება იმდენადაა ამ საკითხით მოცული, რომ ჩვეულებრივად ცხოვრების საშუალება აღარ აქვთ;</li>\r\n<li>იმდენად ხართ კონცენტრირებული საჭმლის წარმომავლობასა და ტიპზე, რომ თქვენთვის რთული ან შეუძლებელია ნებისმიერი ისეთი რამის მირთმევა, რაც თქვენს სახლში არ დამზადებულა.</li>\r\n</ul>\r\n<p>საბოლოო შედეგი შეიძლება კვების დეფიციტი ან წონაში კლება იყოს, რადგან ორთორექსიით დაავადებული ადამიანების კვების რაციონი თანდათან სულ უფრო ღარიბდება.</p>', 'ორთორექსია, ანორექსიასა და ბულიმიასთან შედარებით, ნაკლებად ცნობილი და აღწერილია, მაგრამ მასაც შეიძლება სერიოზული უარყოფითი შედეგები ჰქონდეს.  ეს კვებითი აშლილობა კაცებსა და ქალებს თანაბრად ემართებათ, ვეგანებსა და ვეგეტარიანელებში კი რისკი უფრო დიდია.', '2019-06-28 09:02:38', '2019-06-28 09:02:38');
INSERT INTO `article_languages` (`id`, `article_id`, `language`, `title`, `description`, `content`, `meta_desc`, `created_at`, `updated_at`) VALUES ('47', '24', 'ge', 'სამი მარტივი წესი პირის ღრუს ჰიგიენის დასაცავად', '<p style=\"text-align: justify;\">პირის ღრუს ჰიგიენის დაცვა მთლიანი ორგანიზმისთვის არის მნიშვნელოვანი.</p>\r\n<p style=\"text-align: justify;\">ჩვენ მოგიყვებით სამ მარტივ წესს, რომლის დაცვის შემთხვევაშიც, თავი მშვიდად შეგიძლიათ იგრძნოთ.</p>', '<p style=\"text-align: justify;\">პირის ღრუს ჰიგიენის დაცვა მთლიანი ორგანიზმისთვის არის მნიშვნელოვანი.</p>\r\n<p style=\"text-align: justify;\">ჩვენ მოგიყვებით სამ მარტივ წესს, რომლის დაცვის შემთხვევაშიც, თავი მშვიდად შეგიძლიათ იგრძნოთ.</p>\r\n<p style=\"text-align: justify;\">&nbsp;</p>\r\n<h6><span style=\"font-size: 18px;\">ნაწილი პირველი</span></h6>\r\n<p style=\"text-align: justify;\">თქვენ მხოლოდ კბილის ძაფი, ჯაგრისი და დღეში 5 წუთი დაგჭირდებათ. კბილების ყოველდღიურად გამოხეხვა და კბილის ძაფით გაწმენდა, პირიდან ბაქტერიებსა და შაქარს მოგაშორებთ. ეს დაგეხმარებათ აიცილოთ კბილების გაფუჭება. პირველი ნაწილი ყველაზე მნიშვნელოვანია პირის ღრუს ჰიგიენისთვის.</p>\r\n<p style=\"text-align: justify;\">&nbsp;</p>\r\n<h6 style=\"text-align: justify;\"><span style=\"font-size: 18px;\">ნაწილი მეორე</span></h6>\r\n<p style=\"text-align: justify;\">აუცილებელია, რომ სტომატოლოგს გააწმენდინოთ კბილები. ისინი ისეთ ადგილებს გაასუფთავებენ, რომლებსაც თქვენ ვერ მიხედავთ (მაგ: ღრძილების ქვეშ). რეგულარული ვიზიტები საბოლოო ჯამში უფრო იაფი დაგიჯდებათ, ვიდრე უკვე შექმნილი პრობლემების გამოსწორება.</p>\r\n<p style=\"text-align: justify;\">&nbsp;</p>\r\n<h6><span style=\"font-size: 18px;\">ნაწილი მესამე</span></h6>\r\n<p style=\"text-align: justify;\">ბევრი ადამიანი აღიარებს, რომ სტომატოლოგთან მხოლოდ მაშინ მიდის, როდესაც ატყობს, რომ რაღაც რიგზე ვერაა. ჩვენ გირჩევთ, რომ დიდხანს არ გაწელოთ ექიმთან ვიზიტი, რომ უკვე დაგვიანებული არ იყოს. რეგულარული ვიზიტების დროს ისინი უფრო კომფორტული და მარტივი იქნება. პოტენციურად საშიში პრობლემების საწყის ფაზაში მოგვარება, ბევრ დისკომფორტს აგარიდებთ თავიდან.</p>', 'პირის ღრუ ჰიგიენა კბილები ჯაგრისი გაწმენდა სტომატოლოგი', '2019-07-09 14:09:32', '2019-07-10 06:27:48');
INSERT INTO `article_languages` (`id`, `article_id`, `language`, `title`, `description`, `content`, `meta_desc`, `created_at`, `updated_at`) VALUES ('48', '24', 'en', 'სამი მარტივი წესი პირის ღრუს ჰიგიენის დასაცავად', NULL, NULL, NULL, '2019-07-09 14:09:32', '2019-07-09 14:09:32');
INSERT INTO `article_languages` (`id`, `article_id`, `language`, `title`, `description`, `content`, `meta_desc`, `created_at`, `updated_at`) VALUES ('49', '25', 'ge', 'რეკომენდაციები ძილზე', '<p><span style=\"font-weight: 400;\">ძილი თქვენი ცხოვრების ხარისხს მნიშვნელოვნად განსაზღვრავს.</span></p>\r\n<p>&nbsp;</p>\r\n<p><span style=\"font-weight: 400;\">სწორედ ამიტომ, თუ ცხოვრების ხარისხის გაუმჯობესებასთან არანაირი პრობლემა არ გაქვთ, გირჩევთ, რომ ქვემოთ ჩამოთვლილი რეკომენდაციები შეძლებისდაგვარად გაითვალისწინოთ.</span></p>', '<p style=\"text-align: justify;\"><span style=\"font-weight: 400;\">ძილი თქვენი ცხოვრების ხარისხს მნიშვნელოვნად განსაზღვრავს.</span></p>\r\n<p style=\"text-align: justify;\">&nbsp;</p>\r\n<p style=\"text-align: justify;\"><span style=\"font-weight: 400;\">სწორედ ამიტომ, თუ ცხოვრების ხარისხის გაუმჯობესებასთან არანაირი პრობლემა არ გაქვთ, გირჩევთ, რომ ქვემოთ ჩამოთვლილი რეკომენდაციები შეძლებისდაგვარად გაითვალისწინოთ.</span></p>\r\n<p style=\"text-align: justify;\">&nbsp;</p>\r\n<p style=\"text-align: justify;\"><span style=\"font-weight: 400;\">ეს რჩევები აშშ-ის ძილის ეროვნული ფონდის (NSF) მიერ არის ჩამოყალიბებული.</span></p>\r\n<p style=\"text-align: justify;\">&nbsp;</p>\r\n<ul>\r\n<li style=\"text-align: justify;\"><span style=\"font-weight: 400;\">ყოველთვის (შაბათ-კვირასაც კი) ერთსა და იმავე დროს დაიძინეთ და გაიღვიძეთ. ეს თქვენს ორგანიზმს ბიოლოგიური საათის რეგულირებაში ეხმარება. შედეგად, თქვენ უფრო მარტივად და კარგად დაიძინებთ.<br /><br /></span></li>\r\n<li style=\"font-weight: 400; text-align: justify;\"><span style=\"font-weight: 400;\">თქვენი სხეული ძილის რეჟიმზე უნდა გადაერთოს. ასე რომ, დაძინებამდე ერთი საათი დამამშვიდებელ აქტივობებს (მაგალითად, კითხვას) დაუთმეთ. უმჯობესია, თუ ეს აქტივობა ტელეფონებთან და სხვა მსგავს მოწყობილობებთან არ იქნება დაკავშირებული, რადგან ლურჯი ნათება ტვინს ააქტიურებს და ჩაძინებას ართულებს.<br /><br /></span></li>\r\n<li style=\"font-weight: 400; text-align: justify;\"><span style=\"font-weight: 400;\">ივარჯიშეთ ყოველდღე. უკეთესი იქნება, თუ დატვირთულ ვარჯიშებს გააკეთებთ, თუმცა, თუ ამას ვერ მოახერხებთ, მსუბუქად ვარჯიშსაც არაუშავს. ივარჯიშეთ დღის ნებისმიერ მონაკვეთში, მაგრამ ძილის მაგივრად &ndash; არა!<br /><br /></span></li>\r\n<li style=\"font-weight: 400; text-align: justify;\"><span style=\"font-weight: 400;\">შექმენით ძილისთვის შესაბამისი პირობები თქვენს ოთახში. იქ ტემპერატურა დაბალი უნდა იყოს, დაახლოებით 16-20 გრადუსი. ოთახში არ უნდა იყოს არაფერი, რაც გამოგაფხიზლებთ ან დაძინებაში შეგიშლით ხელს. მაგალითად, თუ თქვენი პარტნიორი ხვრინავს, სხვა ოთახში შეიძლება არ გაამწესოთ ის, მაგრამ თქვენ თავზე მაინც უნდა იზრუნოთ და ყურის საცობები გაიკეთოთ ან თეთრი ხმაურის მოწყობილობა დაიდგათ.<br /><br /></span></li>\r\n<li style=\"font-weight: 400; text-align: justify;\"><span style=\"font-weight: 400;\">დაიძინეთ კომფორტულ მატრასსა და ბალიშზე. მატრასი, რომელსაც წლებია იყენებთ, თავის მოვალეობას შეიძლება კარგად ვეღარ ასრულებდეს. კარგი მატრასის &ldquo;სიცოცხლის&rdquo; ხანგრძლივობა საშუალოდ 9-10 წელია.<br /><br /></span></li>\r\n<li style=\"font-weight: 400; text-align: justify;\"><span style=\"font-weight: 400;\">გამოიყენეთ სინათლე დღეღამური (ცირკადული) რიტმის მოსაწესრიგებლად. მოერიდეთ ნათელ შუქს საღამოს და პირიქით, არ მოერიდოთ დილის საათებში. ეს თქვენს დღეღამურ ციკლს დაარეგულირებს.<br /><br /></span></li>\r\n<li style=\"font-weight: 400; text-align: justify;\"><span style=\"font-weight: 400;\">მოერიდეთ ალკოჰოლს, სიგარეტს, კოფეინსა და მძიმე საკვებს საღამოს. მათ თქვენი ძილის დაფრთხობა შეუძლიათ. ბევრის ან ცხარეს ჭამამ ძილის წინ შეიძლება მოუნელებლობის დისკომფორტი გამოიწვიოს, რაც ძილს გაგირთულებთ. სასურველია, რომ ძილამდე 2-3 საათი ბევრი არ ჭამოთ. თუ ძალიან გშიათ, დაძინებამდე 45 წუთით ადრე მსუბუქად მიირთვით.<br /><br /></span></li>\r\n<li style=\"font-weight: 400; text-align: justify;\"><span style=\"font-weight: 400;\">თუ მაინც არ გეძინებათ, ადექით საწოლიდან, გადით სხვა ოთახში და სანამ დაღლილად იგრძნობთ თავს, იქ გააკეთეთ რამე დამამშვიდებელი. ოთახში, სადაც გძინავთ, აჯობებს, თუ სამუშაო ნივთები, კომპიუტერები და ტელევიზორები არ იქნება. ამ დროს საძინებელი ოთახისა და ძილის ერთმანეთთან ასოციაცია გაიზრდება და ეს დაძინებას გაგიმარტივებთ.<br /><br /></span></li>\r\n<li style=\"font-weight: 400; text-align: justify;\"><span style=\"font-weight: 400;\">მოერიდეთ დღის განმავლობაში თვლემას, თუ ღამით დაძინების პრობლემა გაქვთ. შეიძლება ჩათვლემა დღის ბოლომდე მიყვანაში გეხმარებოდეთ, მაგრამ მისმა ამოღებამ შესაძლოა ღამის ძილი გაგიუმჯობესოთ.<br /><br /></span></li>\r\n<li style=\"font-weight: 400; text-align: justify;\"><span style=\"font-weight: 400;\">თუ მაინც გიჭირთ დაძინება, არ მოგერიდოთ ექიმთან ამაზე საუბრის.</span></li>\r\n</ul>', 'ძილის რეკომენდაცია, როგორ დავიძინო სწორად, სწორი ძილი, ვერ ვიძინებ, მეღვიძება, ინსომნია', '2019-07-29 13:32:26', '2019-09-25 11:29:58');
INSERT INTO `article_languages` (`id`, `article_id`, `language`, `title`, `description`, `content`, `meta_desc`, `created_at`, `updated_at`) VALUES ('50', '25', 'en', 'რეკომენდაციები ძილზე', '<p><span style=\"font-weight: 400;\">ძილი თქვენი ცხოვრების ხარისხს მნიშვნელოვნად განსაზღვრავს.</span></p>\r\n<p><span style=\"font-weight: 400;\">აქედან გამომდინარე, თუ ცხოვრების ხარისხის გაუმჯობესებასთან არანაირი პრობლემა არ გაქვთ, გირჩევდით, რომ ქვემოთ ჩამოთვლილი რეკომენდაციები მაქსიმალურად გაითვალისწინოთ.</span></p>', '<p><span style=\"font-weight: 400;\">ძილი თქვენი ცხოვრების ხარისხს მნიშვნელოვნად განსაზღვრავს.</span></p>\r\n<p><span style=\"font-weight: 400;\">აქედან გამომდინარე, თუ ცხოვრების ხარისხის გაუმჯობესებასთან არანაირი პრობლემა არ გაქვთ, გირჩევდით, რომ ქვემოთ ჩამოთვლილი რეკომენდაციები მაქსიმალურად გაითვალისწინოთ.</span></p>\r\n<p>&nbsp;</p>\r\n<p><span style=\"font-weight: 400;\">ეს რჩევები აშშ-ის ძილის ეროვნული ფონდის (NSF) მიერ არის ჩამოყალიბებული.</span></p>\r\n<p>&nbsp;</p>\r\n<ol>\r\n<li style=\"font-weight: 400;\"><span style=\"font-weight: 400;\">ყოველთვის, შაბათ-კვირასაც კი, ერთსა და იმავე დროს დაიძინეთ და გაიღვიძეთ. ეს თქვენს ორგანიზმს ბიოლოგიური საათის რეგულირებაში ეხმარება, თქვენ კი დაძინებას გაგიმარტივებთ და, ამავდროულად, ძილის ხარისხს გაგიუმჯობესებთ.</span></li>\r\n</ol>\r\n<p>&nbsp;</p>\r\n<p>&nbsp;</p>\r\n<ul>\r\n<li style=\"font-weight: 400;\"><em><em><span style=\"font-weight: 400;\">ძილის წინ დაკავდით დამამშვიდებელი რიტუალით. ეს რიტუალი ლურჯი გამოსხივებისგან შორს უნდა იყოს, რადგან წილის წინ უმჯობესია ისეთ აქტივობებს მოერიდოთ, რომლებიც შფოთვას, სტესს და აღელვებას იწვევს, რათა უფრო მარტივად დაიძინოთ და მშვიდად გეძინოთ.</span></em></em></li>\r\n</ul>\r\n<p>&nbsp;</p>\r\n<p>&nbsp;</p>\r\n<ol>\r\n<li style=\"font-weight: 400;\"><span style=\"font-weight: 400;\">ივარჯიშეთ ყოველდღე. უმჯობესია დატვირთული ვარჯიშები აკეთოთ, მაგრამ თუ ვერ მოახერხებთ, სულ უვარჯიშობას, მსუბუქი ვარჯიშიც აჯობებს. ივარჯიშეთ დღის ნებისმიერ მონაკვეთში, მაგრამ ძილის მაგივრად - არა!</span></li>\r\n</ol>\r\n<p>&nbsp;</p>\r\n<ol>\r\n<li style=\"font-weight: 400;\"><span style=\"font-weight: 400;\">შექმენით ძილისთვის შესაბამისი პირობები თქვენს ოთახში. იქ ტემპერატურა დაბალი უნდა იყოს, დაახლოებით 16-20 გრადუსი. ოთახში არ უნდა იყოს არაფერი, რისი ხმასაც თქვენი ძილის გაწყვეტას გამოიწვევს. ოთახში არ უნდა იყოს სინათლე და, ზოგადად, არაფერი, რაც გამოგაფხიზლებთ. ან, თუ თქვენი პარტნიორი ხვრინავს, სხვა ოთახში შეიძლება არ გაამწესოთ ის, მაგრამ თქვენს თავზე იზრუნოთ და ყურის საცობები გაიკეთოთ ან თეთრი ხმაურის მოწყობილობა დაიდგათ.</span></li>\r\n</ol>\r\n<p>&nbsp;</p>\r\n<ol>\r\n<li style=\"font-weight: 400;\"><span style=\"font-weight: 400;\">დაიძინეთ კომფორტულ მატრასსა და ბალიშზე. მატრასი, რომელსაც წლებია იყენებთ, თავის მოვალეობას შეიძლება კარგად ვეღარ ასრულებდეს. კარგი მატრასის &ldquo;სიცოცხლის&rdquo; ხანგრძლივობა საშუალოდ 9-10 წელია.</span></li>\r\n</ol>\r\n<p>&nbsp;</p>\r\n<ol>\r\n<li style=\"font-weight: 400;\"><span style=\"font-weight: 400;\">მოაწესრიგეთ გამოიყენეთ ნათელი შუქი დღეღამური/ცირკადული რიტმის მოსაწესრიგებლად. მოერიდეთ ნათელ შუქს საღამოს და პირიქით, არ მოერიდოთ დილის საათებში. ეს თქვენს დღეღამურ ციკლს დაარეგულირებს.</span></li>\r\n</ol>\r\n<p>&nbsp;</p>\r\n<ol>\r\n<li style=\"font-weight: 400;\"><span style=\"font-weight: 400;\">იმ შემთხვევაში, თუ დაძინების პრობლემები გაქვთ, პატარ-პატარა ჩაძინებებს მოერიდეთ, განსაკუთრებით დღის მეორე ნახევარში. შეიძლება ეს ძილი დღის ბოლომდე მიყვანაში გეხმარებოდეთ, მაგრამ თუ ღამით დაძინება გიჭირთ ხოლმე, დღის წესრიგიდან თვლემის ამოღებამ შეიძლება გიშველოთ.</span></li>\r\n</ol>\r\n<p>&nbsp;</p>\r\n<ol>\r\n<li style=\"font-weight: 400;\"><span style=\"font-weight: 400;\">მოერიდეთ ალკოჰოლს, სიგარეტს, კოფეინსა და მძიმე საკვებს საღამოს. მათ თქვენი ძილის დაფრთხობა შეუძლიათ. ბევრის ან ცხარეს ჭამამ ძილის წინ შეიძლება დისკომფორტი გამოიწვიოს მოუნელებლობისგან, რაც ძილს გაგირთულებთ. სასურველია, რომ ძილამდე 2-3 საათი ბევრი არ ჭამოთ. თუ ძალიან გშიათ, დაძინებამდე 45 წუთით ადრე მიირთვით მსუბუქად.</span></li>\r\n<li style=\"font-weight: 400;\"><span style=\"font-weight: 400;\">დამშვიდდით. თქვენი სხეული ძილის რეჟიმზე უნდა გადაერთოს, ასე რომ დაძინებამდე ერთი საათი დამამშვიდებელ აქტივობებს (მაგ. კითხვა) დაუთმეთ. ზოგიერთი ადამიანისთვის ელექტრონული მოწყობილობა ჩაძინებას ურთულებს, რადგან მათი განათება ტვინს ააქტიურებს. თუ დაძინება გიჭირთ, დაძინებამდე და შუაღამეს არ გამოიყენოთ ეს მოწყობილობები.</span></li>\r\n<li style=\"font-weight: 400;\"><span style=\"font-weight: 400;\">თუ არ გეძინებათ, გადით სხვა ოთახში და იქ გააკეთეთ რამე დამამშვიდებელი, სანამ დაღლილად არ იგრძნობთ თავს. უმჯობესია, სამუშაო ნივთები, კომპიუტერები და ტელევიზორები არ იყოს იმ ოთახში სადაც გძინავთ. საწოლი მხოლოდ დასაძინებლად და სექსისთვის გამოიყენოთ, რათა გააძლიეროთ საწოლისა და ძილის ერთმანეთთან ასოციაცია. თუ რომელიმე კონკრეტულ აქტივობას უკავშირებთ ძილთან დაკავშირებულ შფოთვას, აუცილებლად მოაშორეთ ის დაძინების რუტინისგან.</span></li>\r\n<li style=\"font-weight: 400;\"><span style=\"font-weight: 400;\">თუ მაინც გიჭირთ დაძინება, არ მოგერიდოთ თქვენს ექიმთან ამაზე საუბრის.</span></li>\r\n</ol>\r\n<p>&nbsp;</p>', NULL, '2019-07-29 13:32:26', '2019-07-29 13:32:26');
INSERT INTO `article_languages` (`id`, `article_id`, `language`, `title`, `description`, `content`, `meta_desc`, `created_at`, `updated_at`) VALUES ('51', '26', 'ge', 'ალკოჰოლის რა რაოდენობა არის „ზომაზე მეტი“', '<p>ალკოჰოლს მხოლოდ განსაკუთრებულ შემთხვევებში თუ მოიხმართ, ეს, დიდი ალბათობით, არაფერს დაგიზიანებთ.</p>\r\n<p>თუმცა, ალბათ, თქვენც კარგად იცით, რომ ხშირად დალევა ფიზიკურ და ფსიქიკურ ჯანმრთელობაზე უარყოფითად აისახება.</p>', '<p style=\"text-align: justify;\">ალკოჰოლს მხოლოდ განსაკუთრებულ შემთხვევებში თუ მოიხმართ, ეს, დიდი ალბათობით, არაფერს დაგიზიანებთ.</p>\r\n<p style=\"text-align: justify;\">თუმცა, ალბათ, თქვენც კარგად იცით, რომ ხშირად დალევა ფიზიკურ და ფსიქიკურ ჯანმრთელობაზე უარყოფითად აისახება.</p>\r\n<p style=\"text-align: justify;\">&nbsp;</p>\r\n<p style=\"text-align: justify;\">საინტერესოა, სად გადის ზღვარი &bdquo;ათასში ერთხელ&ldquo; დალევასა და ალკოჰოლის პრობლემატურ მოხმარებას შორის.</p>\r\n<hr />\r\n<p style=\"text-align: justify;\">ერთი სტანდარტული სასმელი სხვადასხვა ქვეყანაში სხვადასხვა რაოდენობის სუფთა ალკოჰოლს შეიცავს.</p>\r\n<p style=\"text-align: justify;\">მაგალითად, აშშ-ის სტანდარტულ სასმელში 14 გრამი სუფთა ალკოჰოლია (355მლ ლუდი ან 150მლ ღვინო).</p>\r\n<p style=\"text-align: justify;\">&nbsp;</p>\r\n<p style=\"text-align: justify;\">რეკომენდებული კი არის, რომ ასეთი სტანდარტის პირობებში, ქალმა მაქსიმუმ 1, კაცმა კი მაქსიმუმ 2 სასმელი მიიღოს დღეში.</p>\r\n<p style=\"text-align: justify;\">&nbsp;</p>\r\n<p style=\"text-align: justify;\">განსხვავებული დოზა ქალებისა და კაცების შემთხვევაში ფერმენტების გამოა: ორი მთავარი ფერმენტი, რაც ალკოჰოლის გადამუშავებას უზრუნველყოფს, ალკოჰოლდეჰიდროგენაზა (ADH) და ალდეჰიდდეჰიდროგენაზაა (ALDH). ზოგადად, ქალებს ADH-ის უფრო დაბალი აქტივობა აქვთ, ვიდრე კაცებს. ამის გამო, ქალის ორგანიზმი უფრო ნელა გადაამუშავებს ალკოჰოლს.</p>\r\n<p style=\"text-align: justify;\">&nbsp;</p>\r\n<p style=\"text-align: justify;\"><a href=\"https://www.arcr.niaaa.nih.gov/arcr391/article02.htm\" target=\"_blank\">კვლევის</a> მიხედვით, აღნიშნული რაოდენობით დალევის დროს, ადამიანთა მხოლოდ 2%-ს ექმნება ალკოჰოლით გამოწვეული პრობლემები. ამ დოზაზე მეტი კი ზოგადად მავნეა.</p>\r\n<p style=\"text-align: justify;\">&nbsp;</p>\r\n<p style=\"text-align: justify;\">უნდა აღვნიშნოთ, რომ მთლიანი კვირის მაქსიმალური რაოდენობა რამდენიმე დღეზე არ შეიძლება გადაანაწილოთ.&nbsp;ანუ, მაგალითად, კვირაში 5 დღე თუ საერთოდ არ დალევთ იმის გამო, რომ დარჩენილ 2 დღეს ბევრი დალიოთ, უკვე ალკოჰოლის მოხმარებასთან&nbsp;დაკავშირებულ პრობლემასთან შეიძლება გვქონდეს საქმე. განსაკუთრებით ყურადსაღები&nbsp;ეს მაშინაა, თუ ქალი 4 ან მეტ, კაცი კი 5 ან მეტ სტანდარტულ სასმელს სვამს ერთ დალევაზე.</p>\r\n<hr />\r\n<p style=\"text-align: justify;\">საბოლოო ჯამში, შეგვიძლია დავასკვნათ, რომ ზომიერად დალევას უმეტესად \"არაფერი უშავს\", მაგრამ&nbsp;ჭარბი მოხმარება ჯანმრთელობისთვის ძალიან საზიანოა.</p>', 'ალკოჰოლი, დალევა, დოზა, ბევრი, ალკოჰოლიზმი, პრობლემა, დამოკიდებულება, ლოთობა', '2019-08-12 12:33:56', '2019-09-20 06:33:49');
INSERT INTO `article_languages` (`id`, `article_id`, `language`, `title`, `description`, `content`, `meta_desc`, `created_at`, `updated_at`) VALUES ('52', '26', 'en', 'ალკოჰოლის რა რაოდენობა არის „ბევრი“', '<p>ალკოჰოლს თუ მხოლოდ განსაკუთრებულ შემთხვევებში მოიხმართ, ეს, დიდი ალბათობით, არაფერს დაგიზიანებთ. თუმცა, ალბათ, თქვენც კარგად იცით, რომ ხშირად დალევას კარგი არაფერი მოჰყვება. საინტერესოა, სად გადის ზღვარი &bdquo;ათასში ერთხელ&ldquo; დალევასა და ალკოჰოლის პრობლემატურ მოხმარებას შორის.</p>\r\n<p>&nbsp;</p>', '<p>ალკოჰოლს თუ მხოლოდ განსაკუთრებულ შემთხვევებში მოიხმართ, ეს, დიდი ალბათობით, არაფერს დაგიზიანებთ. თუმცა, ალბათ, თქვენც კარგად იცით, რომ ხშირად დალევას კარგი არაფერი მოჰყვება. საინტერესოა, სად გადის ზღვარი &bdquo;ათასში ერთხელ&ldquo; დალევასა და ალკოჰოლის პრობლემატურ მოხმარებას შორის.</p>\r\n<p>ერთი სტანდარტული სასმელი სხვადასხვა ქვეყანაში სხვადასხვა რაოდენობის სუფთა ალკოჰოლს შეიცავს, თუმცა, შეგვიძლია აშშ-ის მაგალითი განვიხილოთ.</p>\r\n<p>აშშ-ში ერთი სტანდარტული სასმელი (მაგალითად, 355 მლ ლუდი, ან 150 მლ ღვინო) 14 გრამ სუფთა ალკოჰოლს შეიცავს. რეკომენდებული კი არის, რომ ასეთი სტანდარტის პირობებში, ქალმა მაქსიმუმ 1, კაცმა კი მაქსიმუმ 2 სასმელი მიიღოს.</p>\r\n<p>განსხვავებული დოზა ქალებისა და კაცების შემთხვევაში ფერმენტების გამოა.</p>\r\n<p>ორი მთავარი ფერმენტი, რაც ალკოჰოლის გადამუშავებას უზრუნველყოფს, ალკოჰოლდეჰიდროგენაზა (ADH) და ალდეჰიდდეჰიდროგენაზაა (ALDH).</p>\r\n<p>ზოგადად, ქალებს უფრო დაბალი ADH-ის აქტივობა აქვთ, ვიდრე კაცებს. ამის გამო, ქალების ორგანიზმი უფრო ნელა გადაამუშავებს ალკოჰოლს. ეს არის იმის მიზეზიც, რომ ქალები უფრო მოწყვლადები არიან ალკოჰოლის ეფექტის მიმართ.</p>', NULL, '2019-08-12 12:33:56', '2019-08-12 12:33:56');
INSERT INTO `article_languages` (`id`, `article_id`, `language`, `title`, `description`, `content`, `meta_desc`, `created_at`, `updated_at`) VALUES ('53', '27', 'ge', 'რა მოსდის ტვინს, როდესაც მთელი დღე სერიალებს უყურებთ', '<p style=\"text-align: justify;\">ბევრი ადამიანისთვის, მთელი დღე სახლში დარჩენა, კომფორტულ ტანსაცმელში კოტრიალი და სერიალების ყურება რელაქსაციის საუკეთესო მეთოდია.</p>', '<p style=\"text-align: justify;\">ბევრი ადამიანისთვის, მთელი დღე სახლში დარჩენა, კომფორტულ ტანსაცმელში კოტრიალი და სერიალების ყურება რელაქსაციის საუკეთესო მეთოდია.</p>\r\n<p style=\"text-align: justify;\">თუმცა, უნდა ვიცოდეთ, რომ ამ დროს შეიძლება ტვინსა და სხეულზე საზიანო ცვლილებებს ვიწვევდეთ.</p>\r\n<p style=\"text-align: justify;\">&nbsp;</p>\r\n<p style=\"text-align: justify;\">როდესაც ბევრ ეპიზოდს გადაბმულად ვუყურებთ, დიდი ხნის განმავლობაში ვსხედვართ, იზოლირებულები ვართ სოციალური აქტივობებისგან და ბევრ არაჯანსაღ საკვებს ვიღებთ. ეს პრობლებაა, რადგან ამ დამაზიანებელი ჩვევებით, ჯანსაღ აქტივობებს ვანაცვლებთ.</p>\r\n<p style=\"text-align: justify;\">&nbsp;</p>\r\n<p style=\"text-align: justify;\">თუ უკვე ფიქრობთ ამ მავნე ჩვევისთვის თავის დანებებაზე, კარგი ამბავიც გვაქვს: აუცილებელი არ არის, ეს ერთბაშად გააკეთოთ.</p>\r\n<p style=\"text-align: justify;\">&nbsp;</p>\r\n<p style=\"text-align: justify;\">მაგალითად, თავდაპირველად, შეგიძლიათ შემდეგი რეკომენდაციები გაითვალისწინოთ:</p>\r\n<p style=\"text-align: justify;\">&nbsp;</p>\r\n<ul>\r\n<li style=\"text-align: justify;\">დარწმუნდით, რომ სერიალების ყურება ძილში არ გიშლით ხელს. სანამ ყურებას დაიწყებდეთ, განსაზღვრეთ, რომელზე დაძინება დაგჭირდებათ იმისთვის, რომ დილით კარგად გამოძინებული იყოთ.</li>\r\n<li>წაივარჯიშეთ. ვარჯიში მნიშვნელოვანია ნეიროგენეზისთვის, ანუ ტვინში ახალი ახალი უჯრედებისა და კავშირების წარმოსაქმნელად. შეგიძლიათ, სანამ სერიალებს &bdquo;ჩაუჯდებოდეთ&ldquo;, უბანში გაისეირნოთ და ყოველი ეპიზოდის ხუთ წუთს ფეხზე დამდგარმა უყუროთ.</li>\r\n<li>უყურეთ მეგობრებთან ერთად. როდესაც სერიალს 6 საათის განმავლობაში მარტოები უყურებთ, ეს დრო სხვა ადამიანებთან ინტერაქციის საათებს აკლდება. მეგობრებისგან და ახლობლებისგან ნაკლებად იზოლირებული იყავით, რათა დეპრესიასა და სხვა ფსიქიკურ პრობლემებს მაქსიმალურად აარიდოთ თავი.</li>\r\n<li>თუ ყურების დროს წახემსება გიყვართ, აირჩიეთ ჯანსაღი ხემსი. მაგალითად, შეგიძლიათ ჰუმუსი და ბოსტნეული ან ხილი მიირთვათ. უმჯობესია, თუ მარილიან და ცხიმიან საკვებს თავს აარიდებთ.</li>\r\n</ul>\r\n<p style=\"text-align: justify;\">&nbsp;</p>\r\n<p style=\"text-align: justify;\">ამ რეკომენდაციების გაითვალისწინების შემთხვევაში, ხანდახან ისევ შეძლებთ სერიალის ერთბაშად ყურების სიამოვნების მიღებას. ოღონდ, ამჯერად იმ დარდის გარეშე, რომ შეიძლება ტვინს აზიანდებდეთ.</p>', NULL, '2019-08-15 07:19:12', '2019-08-16 13:58:06');
INSERT INTO `article_languages` (`id`, `article_id`, `language`, `title`, `description`, `content`, `meta_desc`, `created_at`, `updated_at`) VALUES ('54', '27', 'en', 'რა მოსდის ტვინს, როდესაც მთელი დღე სერიალებს უყურებთ', NULL, NULL, NULL, '2019-08-15 07:19:12', '2019-08-15 07:19:12');
INSERT INTO `article_languages` (`id`, `article_id`, `language`, `title`, `description`, `content`, `meta_desc`, `created_at`, `updated_at`) VALUES ('55', '28', 'ge', 'რატომ ვამთქნარებთ?', '<p>ადამიანები ბევრ სხვადასხვა სიტუაციაში ვამთქნარებთ.</p>\r\n<p>მაგალითად, როდესაც დაღლილები ვართ, ახალგაღვძებულზე, მოწყენილზე, შეშფოთებულზე, მშიერზე, როცა ახალ აქტივობას ვიწყებთ ან მაშინ, როდესაც სხვა ამთქნარებს.</p>', '<p>ადამიანები ბევრ სხვადასხვა სიტუაციაში ვამთქნარებთ. მაგალითად,</p>\r\n<ul>\r\n<li>როდესაც დაღლილები ვართ</li>\r\n<li>ახალგაღვძებულზე</li>\r\n<li>მოწყენილზე</li>\r\n<li>შეშფოთებულზე</li>\r\n<li>მშიერზე</li>\r\n<li>როცა ახალ აქტივობას ვიწყებთ</li>\r\n<li>როდესაც სხვა ამთქნარებს</li>\r\n</ul>\r\n<p>&nbsp;</p>\r\n<p>თქვენ კი ახლაც შეიძლება დაამთქნაროთ, რადგან ამ საკითხზე ტექსტის წაკითხვაც, მისი ერთ-ერთი გამომწვევია.</p>\r\n<p>&nbsp;</p>\r\n<p>მთქნარებას ბევრი გამომწვევი მიზეზი აქვს. თუმცა, მისი ფიზიოლოგიური დატვირთვა დღემდე გამოცანად რჩება. ამ ეტაპზე დანამდვილებით მხოლოდ იმის თქმა შეგვიძლია, რომ რეალურად არ ვიცით, რატომ ვამთქნარებთ.</p>\r\n<p>&nbsp;</p>\r\n<p>დაახლოებით 30 წლის წინ ფიქრობდნენ, მთქნარების მიზეზი ჟანგბადის დონის გაზრდა იყო სისხლში. თუმცა, ეს ჰიპოთეზა 1987 წელს გამოქვეყნებული <a href=\"https://www.ncbi.nlm.nih.gov/pubmed/?term=Provine+R%2C+Tate+B%2C+Geldmacher%2C+yawning\" target=\"_blank\"><span style=\"color: #ff6600;\">ექსპერიმენტების</span> </a>შედეგად, უგულებელყოფილია.</p>\r\n<p>&nbsp;</p>\r\n<p>ერთ-ერთი თანამედროვე თეორია მას ტემპერატურის დარეგულირებით ხსნის. ამ თეორიის მიხედვით, მთქნარება ტვინის გამაგრილებელი მექანიზმია. გაგრილება კი იმიტომ შეიძლება დასჭირდეს ტვინს, რომ როდესაც სხეულის ტემპერატურა თბილია, დაღლილად და ძილისპირულად ვგრძნობთ თავს.</p>\r\n<p>&nbsp;</p>\r\n<p>მთქნარებაზე ერთი რამ, რაც სიზუსტით შეგვიძლია ვთქვათ, არის, რომ ის გადამდებია. ამბობენ, რომ რაც უფრო ემპათიურია ადამიანი, მასზე მით უფრო მეტად მოქმედებს სხვისი მთქნარების დანახვა. როდესაც ადამიანი სხვის დამთქნარებას ხედავს, ტვინის ის უბნები უაქტიურდება, რომლებიც სოციალურ ფუნქციებში მონაწილეობენ. საინტერესოა, რომ გადამდები არა მხოლოდ ადამიანებისთვის, არამედ სხვა ცხოველებისთვისაც არის. მაგალითად, როდესაც ძაღლები ადამიანის მთქნარებას ხედავენ, ხანდახან თავადაც ამთქნარებენ.</p>', NULL, '2019-09-12 13:02:38', '2019-09-20 13:45:31');
INSERT INTO `article_languages` (`id`, `article_id`, `language`, `title`, `description`, `content`, `meta_desc`, `created_at`, `updated_at`) VALUES ('56', '28', 'en', 'რატომ ვამთქნარებთ?', '<p>ადამიანები ბევრ სხვადასხვა სიტუაციაში ვამთქნარებთ.</p>\r\n<p>მაგალითად, როდესაც დაღლილები ვართ, ახალგაღვძებულზე, მოწყენილზე, შეშფოთებულზე, მშიერზე, როცა ახალ აქტივობას ვიწყებთ ან მაშინ, როდესაც სხვა ამთქნარებს.</p>', '<p>ადამიანები ბევრ სხვადასხვა სიტუაციაში ვამთქნარებთ.</p>\r\n<p>მაგალითად, როდესაც დაღლილები ვართ, ახალგაღვძებულზე, მოწყენილზე, შეშფოთებულზე, მშიერზე, როცა ახალ აქტივობას ვიწყებთ ან მაშინ, როდესაც სხვა ამთქნარებს.</p>\r\n<p>თქვენ კი ახლაც შეიძლება დაამთქნაროთ, რადგან ამ საკითხზე ტექსტის წაკითხვაც, მისი ერთ-ერთი გამომწვევია.</p>\r\n<p>მთქნარებას ბევრი გამომწვევი მიზეზი აქვს. თუმცა, მისი ფიზიოლოგიური დატვირთვა დღემდე გამოცანად რჩება.</p>\r\n<p>ამ ეტაპზე დანამდვილებით მხოლოდ იმის თქმა შეგვიძლია, რომ რეალურად არ ვიცით, რატომ ვამთქნარებთ.</p>\r\n<p>დაახლოებით 30 წლის წინ ფიქრობდნენ, სისხლში ჟანგბადის დონის გასაზრდელად ვამთქნარებდით. თუმცა, &nbsp;ეს ჰიპოთეზა 1987 წელს გამოქვეყნებული ექსპერიმენტების შედეგად, უგულებელყოფილია.</p>\r\n<p>ერთ-ერთი თანამედროვე თეორია მას ტემპერატურის დარეგულირებით ხსნის. ამ თეორიის მიხედვით, მთქნარება ტვინის გამაგრილებელი მექანიზმია. გაგრილება კი იმიტომ შეიძლება დასჭირდეს ტვინს, რომ როდესაც სხეულის ტემპერატურა თბილია, დაღლილად და ძილისპირულად ვგრძნობთ თავს.</p>\r\n<p>მთქნარებაზე ერთი რამ, რაც სიზუსტით შეგვიძლია ვთქვათ, არის, რომ ის გადამდებია.</p>\r\n<p>ამბობენ, რომ რაც უფრო ემპათიურია ადამიანი, მასზე მით უფრო მეტად მოქმედებს სხვისი მთქნარების დანახვა. როდესაც ადამიანი სხვის დამთქნარებას ხედავს, ტვინის ის უბნები უაქტიურდება, რომლებიც სოციალურ ფუნქციებში მონაწილეობენ.</p>\r\n<p>აღსანიშნავია, რომ გადამდები არა მხოლოდ ადამიანებისთვის, არამედ სხვა ცხოველებისთვისაც არის. მაგალითად, როდესაც ძაღლები ადამიანის მთქნარებას ხედავენ, ხანდახან თავადაც ამთქნარებენ.</p>', NULL, '2019-09-12 13:02:38', '2019-09-12 13:02:38');
INSERT INTO `article_languages` (`id`, `article_id`, `language`, `title`, `description`, `content`, `meta_desc`, `created_at`, `updated_at`) VALUES ('57', '29', 'ge', 'მითი ალუმინის შემცველი დეოდორანტის შესახებ', '<p>დეოდორანტებზე პანიკა 2000-იანი წლებიდან დაიწყო.</p>\r\n<p>ამ დროს გაჩნდა აზრი, რომ დეოდორანტები (განსაკუთრებით კი, ალუმინის შემცველი) კიბოს გაჩენის რისკს ზრდიდა.</p>', '<p>დეოდორანტებზე პანიკა 2000-იანი წლებიდან დაიწყო.</p>\r\n<p>ამ დროს გაჩნდა აზრი, რომ დეოდორანტები (განსაკუთრებით კი, ალუმინის შემცველი) კიბოს გაჩენის რისკს ზრდიდა.</p>\r\n<p>&nbsp;</p>\r\n<p>ყურადღება განსაკუთრებით მკერდის კიბოზე მახვილდებოდა; გაიზარდა მკერდის კიბოს დეორანტებთან ასოციაცია.</p>\r\n<p>&nbsp;</p>\r\n<p>ადამიანები ამტკიცებდნენ, რომ მკერდის კიბო უმეტესად იღლიასთან ახლოს ჩნდებოდა. ისინი ამ ამბავს დეოდორანტებს უკავშირებდნენ, რადგან სწორედ იღლიაში ვისვამთ/ვისხამთ მათ.</p>\r\n<p>&nbsp;</p>\r\n<p>თუ გავითვალისწინებთ, რომ ცხოვრების განმავლობაში სტატისტიკურად 8 ქალიდან 1-ს უვითარდება მკერდის კიბო, აზრი, რომ მას დეოდორანტმა, პროდუქტმა, რომელსაც ყოველდღიურად ვიყენებთ, ხელი შეიძლება შეუწყოს, ფრიად სერიოზულად ჟღერს.</p>\r\n<p>&nbsp;</p>\r\n<p>თუმცა, ეს წარმოდგენა სიმართლეს არ შეესაბამება.</p>\r\n<p>&nbsp;</p>\r\n<p>საბედნიეროდ, დეოდორანტის გარშემო ატეხილი პანიკა არ ეფუძნებოდა არაფერ რეალურს და, სინამდვილეში, არანაირი დამადასტურებელი საბუთი, რომ ის (თუნდაც, ალუმინიანი) კიბოს ან სხვა დაავადებას იწვევს, არ არსებობს.</p>\r\n<p>&nbsp;</p>\r\n<p>თუმცა, ბევრს დღემდე ჰგონია, რომ დეოდორანტი თუ არა, ალუმინი მაინც არის საშიში.</p>\r\n<p>&nbsp;</p>\r\n<p>ამ აზრმა, ბუნებრივია, საქართველომდეც მოაღწია. მაგალითად, ჯანმრთელობის ჯგუფებში ხშირად წაიკითხავთ, რომ დეოდორანტის ყიდვის დროს აუცილებლად უნდა დავაკვირდეთ მათ შემადგენლობას და ვიყიდოთ მხოლოდ ისეთები, რომლებიც ალუმინს არ შეიცავენ.</p>\r\n<p>&nbsp;</p>\r\n<p>თუმცა, გვინდა გაუწყოთ, რომ თუ მაინცდამაინც ალერგია არ გაქვთ ალუმინზე, შეგიძლიათ ნებისმიერი დეოდორანტი მშვიდად შეიძინოთ.</p>\r\n<p>&nbsp;</p>', NULL, '2019-09-20 10:00:29', '2019-09-20 13:40:59');
INSERT INTO `article_languages` (`id`, `article_id`, `language`, `title`, `description`, `content`, `meta_desc`, `created_at`, `updated_at`) VALUES ('58', '29', 'en', 'მითი ალუმინის შემცველი დეოდორანტის შესახებ', '<p>დეოდორანტებზე პანიკა 2000-იანი წლებიდან დაიწყო.</p>\r\n<p>ამ დროს გაჩნდა აზრი, რომ დეოდორანტები (განსაკუთრებით კი, ალუმინის შემცველი დეოდორანტები) კიბოს გაჩენის რისკს ზრდიდა.</p>', '<p>დეოდორანტებზე პანიკა 2000-იანი წლებიდან დაიწყო.</p>\r\n<p>ამ დროს გაჩნდა აზრი, რომ დეოდორანტები (განსაკუთრებით კი, ალუმინის შემცველი დეოდორანტები) კიბოს გაჩენის რისკს ზრდიდა.</p>\r\n<p>განსაკუთრებული ყურადღება მკერდის კიბოზე მახვილდებოდა, გაიზარდა მკერდის კიბოს დეორანტებთან ასოციაცია.</p>\r\n<p>ადამიანები ამტკიცებდნენ, რომ მკერდის კიბო უმეტესად იღლიასთან ახლოს ჩნდებოდა. ისინი ამ ამბავს დეოდორანტებს უკავშირებდნენ, რადგან სწორედ იღლიაში ვისვამთ/ვისვამთ მათ.</p>\r\n<p>თუ გავითვალისწინებთ, რომ სტატისტიკურად 8 ქალიდან 1-ს მკერდის კიბო უვითარდება ცხოვრების განმავლობაში, აზრი, რომ მას დეოდორანტმა, პროდუქტმა, რომელსაც ყოველდღიურად ვიყენებთ, ხელი შეიძლება შეუწყოს, ფრიად სერიოზულად ჟღერს.</p>\r\n<p>თუმცა, ეს წარმოდგენა სიმართლეს არ შეესაბამება.</p>\r\n<p>საბედნიეროდ, დეოდორანტის გარშემო ატეხილი პანიკა არ ეფუძნებოდა არაფერ რეალურს და, სინამდვილეში, არანაირი დამადასტურებელი საბუთი, რომ დეოდორანტი (თუნდაც, ალუმინიანი) კიბოს ან სხვა დაავადებას იწვევს, არ არსებობს.</p>\r\n<p>ასე რომ, შეგიძლიათ მშვიდად შეიძინოთ ნებისმიერი დეოდორანტი, რომელიც გაგიხარდებათ, თუ, რა თქმა უნდა, ალუმინზე ალერგია არ გაქვთ.</p>\r\n<p>თუმცა, ბევრს დღემდე ჰგონია, რომ ალუმინი საშიშია.</p>\r\n<p>ამ აზრმა, ბუნებრივია, საქართველომდეც მოაღწია. მაგალითად, ჯანმრთელობის ჯგუფებში ხშირად წაიკითხავთ, რომ დეოდორანტის ყიდვის დროს აუცილებლად უნდა დავაკვირდეთ მათ შემადგენლობას და ვიყიდოთ მხოლოდ ის, რომელიც ალუმინს არ შეიცავს.</p>', NULL, '2019-09-20 10:00:29', '2019-09-20 10:00:29');

INSERT INTO `articles` (`id`, `collection_id`, `slug`, `position`, `visible`, `image`, `created_at`, `updated_at`) VALUES ('4', '3', 'nino-tsamaladze', '1', '1', 'http://ekimo.devmobility.com/files/uploads/images/replies-img.png', '2019-06-07 09:09:13', '2019-06-18 08:54:03');
INSERT INTO `articles` (`id`, `collection_id`, `slug`, `position`, `visible`, `image`, `created_at`, `updated_at`) VALUES ('16', '6', 'ramdeni-unda-viarot-fekhit-rom-tsonashi-daviklot', '9', '1', 'http://ekimo.devmobility.com/files/uploads/images/c.png', '2019-06-26 10:37:25', '2019-06-28 09:27:38');
INSERT INTO `articles` (`id`, `collection_id`, `slug`, `position`, `visible`, `image`, `created_at`, `updated_at`) VALUES ('17', '6', 'aris-tu-ara-tafli-shakarze-sasargeblo', '10', '1', 'http://ekimo.devmobility.com/files/uploads/images/tafl.jpg', '2019-06-27 11:58:46', '2019-06-27 11:58:46');
INSERT INTO `articles` (`id`, `collection_id`, `slug`, `position`, `visible`, `image`, `created_at`, `updated_at`) VALUES ('23', '6', 'khandakhan-jansaghad-kvebats-ashlilobaa', '11', '1', 'http://ekimo.devmobility.com/files/uploads/images/food.png', '2019-06-28 09:02:38', '2019-06-28 09:18:31');
INSERT INTO `articles` (`id`, `collection_id`, `slug`, `position`, `visible`, `image`, `created_at`, `updated_at`) VALUES ('24', '6', 'sami-martivi-tsesi-piris-ghrus-higienis-dasatsavad', '12', '1', 'http://ekimo.devmobility.com/files/uploads/images/istockphoto-165516054-612x612.jpg', '2019-07-09 14:09:32', '2019-07-10 06:03:19');
INSERT INTO `articles` (`id`, `collection_id`, `slug`, `position`, `visible`, `image`, `created_at`, `updated_at`) VALUES ('25', '6', 'rekomendatsiebi-dzilze', '13', '1', 'http://ekimo.devmobility.com/files/Sleep-problems.png', '2019-07-29 13:32:26', '2019-07-30 05:54:51');
INSERT INTO `articles` (`id`, `collection_id`, `slug`, `position`, `visible`, `image`, `created_at`, `updated_at`) VALUES ('26', '6', 'alkoholis-ra-raodenoba-aris-zomaze-meti', '14', '1', 'http://ekimo.devmobility.com/files/Drink_Illustration_Background-FINAL.jpg', '2019-08-12 12:33:56', '2019-09-20 06:33:11');
INSERT INTO `articles` (`id`, `collection_id`, `slug`, `position`, `visible`, `image`, `created_at`, `updated_at`) VALUES ('27', '6', 'ra-mosdis-tvins-rodesats-mteli-dghe-serialebs-uqurebt', '15', '1', 'http://ekimo.devmobility.com/files/shutterstock_600227738.jpg', '2019-08-15 07:19:12', '2019-08-16 13:43:04');
INSERT INTO `articles` (`id`, `collection_id`, `slug`, `position`, `visible`, `image`, `created_at`, `updated_at`) VALUES ('28', '6', 'ratom-vamtknarebt', '16', '1', 'http://ekimo.devmobility.com/files/uploads/images/2942.jpg', '2019-09-12 13:02:38', '2019-09-12 13:02:41');
INSERT INTO `articles` (`id`, `collection_id`, `slug`, `position`, `visible`, `image`, `created_at`, `updated_at`) VALUES ('29', '6', 'miti-aluminis-shemtsveli-deodorantis-shesakheb', '17', '1', 'http://ekimo.devmobility.com/files/uploads/images/8.jpg', '2019-09-20 10:00:29', '2019-09-20 10:04:28');

INSERT INTO `catalog` (`id`, `collection_id`, `slug`, `position`, `visible`, `image`, `created_at`, `updated_at`) VALUES ('1', '1', 'avoid-queues-at-the-reception', '4', '1', 'http://ekimo.devmobility.com/files/uploads/images/a-1-3.svg', '2019-06-07 08:27:05', '2019-12-06 11:11:13');
INSERT INTO `catalog` (`id`, `collection_id`, `slug`, `position`, `visible`, `image`, `created_at`, `updated_at`) VALUES ('2', '1', 'book-the-doctor-s-appointment', '8', '1', 'https://ekimo.app/files/featured-icons/doctor-booking.svg', '2019-06-07 08:27:34', '2019-12-09 11:52:42');
INSERT INTO `catalog` (`id`, `collection_id`, `slug`, `position`, `visible`, `image`, `created_at`, `updated_at`) VALUES ('3', '1', 'book-the-telephone-consultation', '5', '1', 'http://ekimo.devmobility.com/files/uploads/images/a-1-2.svg', '2019-06-07 08:27:54', '2019-12-06 11:12:30');
INSERT INTO `catalog` (`id`, `collection_id`, `slug`, `position`, `visible`, `image`, `created_at`, `updated_at`) VALUES ('4', '1', 'receive-electronic-prescriptions', '2', '1', 'http://ekimo.devmobility.com/files/uploads/images/a-1-5.svg', '2019-06-07 08:28:34', '2019-12-06 11:07:01');
INSERT INTO `catalog` (`id`, `collection_id`, `slug`, `position`, `visible`, `image`, `created_at`, `updated_at`) VALUES ('5', '1', 'search-for-medications', '1', '1', 'http://ekimo.devmobility.com/files/uploads/images/a-1-6.svg', '2019-06-07 08:28:56', '2019-12-06 11:08:27');
INSERT INTO `catalog` (`id`, `collection_id`, `slug`, `position`, `visible`, `image`, `created_at`, `updated_at`) VALUES ('8', '1', 'sheamtsirebt-rigebs', '14', '0', 'http://ekimo.devmobility.com/files/qu.png', '2019-06-21 05:03:17', '2019-07-10 14:30:28');
INSERT INTO `catalog` (`id`, `collection_id`, `slug`, `position`, `visible`, `image`, `created_at`, `updated_at`) VALUES ('25', '1', 'you-will-increase-the-patient-flow', '15', '1', 'http://ekimo.devmobility.com/files/uploads/images/a-2-4.svg', '2019-07-01 12:43:56', '2019-12-06 12:34:27');
INSERT INTO `catalog` (`id`, `collection_id`, `slug`, `position`, `visible`, `image`, `created_at`, `updated_at`) VALUES ('26', '1', 'you-ll-be-more-popular-and-reputable', '13', '1', 'http://ekimo.devmobility.com/files/uploads/images/a-2-5.svg', '2019-07-01 12:44:38', '2019-12-06 12:52:23');
INSERT INTO `catalog` (`id`, `collection_id`, `slug`, `position`, `visible`, `image`, `created_at`, `updated_at`) VALUES ('27', '1', 'gamartivebuli-gadakhda', '9', '0', 'http://ekimo.devmobility.com/files/hand.svg', '2019-07-01 12:45:40', '2019-07-10 14:30:28');
INSERT INTO `catalog` (`id`, `collection_id`, `slug`, `position`, `visible`, `image`, `created_at`, `updated_at`) VALUES ('28', '1', 'sameditsino-trefikis-monetizatsia', '10', '0', 'http://ekimo.devmobility.com/files/coins3.svg', '2019-07-01 12:46:12', '2019-07-10 14:30:28');
INSERT INTO `catalog` (`id`, `collection_id`, `slug`, `position`, `visible`, `image`, `created_at`, `updated_at`) VALUES ('29', '1', 'kmaqofili-patsientebi', '11', '0', 'http://ekimo.devmobility.com/files/respect2.svg', '2019-07-01 12:46:29', '2019-07-10 14:30:28');
INSERT INTO `catalog` (`id`, `collection_id`, `slug`, `position`, `visible`, `image`, `created_at`, `updated_at`) VALUES ('31', '1', 'receive-and-use-the-insurance-letter-of-guarantee', '3', '1', 'http://ekimo.devmobility.com/files/uploads/images/a-1-4.svg', '2019-07-01 14:03:25', '2019-12-06 11:04:35');
INSERT INTO `catalog` (`id`, `collection_id`, `slug`, `position`, `visible`, `image`, `created_at`, `updated_at`) VALUES ('32', '1', 'you-will-improve-your-booking-system-and-reduce-queues', '16', '1', 'http://ekimo.devmobility.com/files/uploads/images/a-1-3.svg', '2019-07-01 16:17:22', '2019-12-06 12:47:50');
INSERT INTO `catalog` (`id`, `collection_id`, `slug`, `position`, `visible`, `image`, `created_at`, `updated_at`) VALUES ('33', '1', 'you-ll-improve-the-patient-awareness-and-compliance', '17', '1', 'http://ekimo.devmobility.com/files/uploads/images/a-2-2.svg', '2019-07-01 16:17:54', '2019-12-06 12:45:55');
INSERT INTO `catalog` (`id`, `collection_id`, `slug`, `position`, `visible`, `image`, `created_at`, `updated_at`) VALUES ('34', '1', 'you-ll-offer-remote-medical-services-to-patients', '18', '1', 'http://ekimo.devmobility.com/files/uploads/images/a-1-2.svg', '2019-07-01 16:18:54', '2019-12-06 12:50:22');
INSERT INTO `catalog` (`id`, `collection_id`, `slug`, `position`, `visible`, `image`, `created_at`, `updated_at`) VALUES ('35', '1', 'you-will-offer-remote-medical-services-to-patients', '23', '1', 'http://ekimo.devmobility.com/files/uploads/images/a-1-2.svg', '2019-07-01 16:23:09', '2019-12-06 12:43:17');
INSERT INTO `catalog` (`id`, `collection_id`, `slug`, `position`, `visible`, `image`, `created_at`, `updated_at`) VALUES ('36', '1', 'you-ll-be-able-to-reach-more-patients', '22', '1', 'http://ekimo.devmobility.com/files/uploads/images/a-2-4.svg', '2019-07-01 16:23:35', '2019-12-06 12:37:35');
INSERT INTO `catalog` (`id`, `collection_id`, `slug`, `position`, `visible`, `image`, `created_at`, `updated_at`) VALUES ('37', '1', 'you-ll-use-the-medical-information-system-for-free', '12', '1', 'http://ekimo.devmobility.com/files/uploads/images/a-2-6.svg', '2019-07-01 16:24:17', '2019-12-06 12:32:00');
INSERT INTO `catalog` (`id`, `collection_id`, `slug`, `position`, `visible`, `image`, `created_at`, `updated_at`) VALUES ('38', '1', 'you-ll-have-a-better-income', '20', '1', 'http://ekimo.devmobility.com/files/uploads/images/a-3-5.svg', '2019-07-01 16:24:39', '2019-12-06 13:30:29');
INSERT INTO `catalog` (`id`, `collection_id`, `slug`, `position`, `visible`, `image`, `created_at`, `updated_at`) VALUES ('39', '1', 'you-booking-system-will-improve', '21', '1', 'http://ekimo.devmobility.com/files/uploads/images/a-1-3.svg', '2019-07-01 16:25:04', '2019-12-06 12:40:18');
INSERT INTO `catalog` (`id`, `collection_id`, `slug`, `position`, `visible`, `image`, `created_at`, `updated_at`) VALUES ('40', '1', 'gazrdit-tsnobadobasa-da-reputatsias', '24', '1', 'https://ekimo.app/files/Group 8981@2x.png', '2019-07-01 16:25:24', '2019-12-11 07:45:26');
INSERT INTO `catalog` (`id`, `collection_id`, `slug`, `position`, `visible`, `image`, `created_at`, `updated_at`) VALUES ('45', '1', 'you-will-use-the-medical-information-system-for-free', '19', '1', 'http://ekimo.devmobility.com/files/uploads/images/a-2-6.svg', '2019-07-10 14:29:11', '2019-12-06 12:41:49');

INSERT INTO `catalog_languages` (`id`, `catalog_id`, `language`, `title`, `description`, `content`, `meta_desc`, `created_at`, `updated_at`) VALUES ('1', '1', 'ge', 'აირიდეთ რიგები რეგისტრატურაში', '<p>გადაიხადეთ თანხა წინასწარ და რიგში დგომის გარეშე შედით ექიმთან.</p>', NULL, NULL, '2019-06-07 08:27:06', '2019-12-06 11:10:43');
INSERT INTO `catalog_languages` (`id`, `catalog_id`, `language`, `title`, `description`, `content`, `meta_desc`, `created_at`, `updated_at`) VALUES ('2', '1', 'en', 'AVOID QUEUES AT THE RECEPTION', '<p>Pay for the service in advance and enter the doctor\'s office without waiting in line.</p>', NULL, NULL, '2019-06-07 08:27:06', '2019-12-06 11:11:23');
INSERT INTO `catalog_languages` (`id`, `catalog_id`, `language`, `title`, `description`, `content`, `meta_desc`, `created_at`, `updated_at`) VALUES ('3', '2', 'ge', 'დაჯავშნეთ ექიმთან ვიზიტი', '<p>გამოიყენეთ ძებნის კრიტერიუმების ფართო არჩევანი, იპოვეთ ოჯახის ექიმი ან სპეციალისტი და დაჯავშნეთ მასთან ვიზიტი.</p>', NULL, NULL, '2019-06-07 08:27:34', '2019-12-09 11:52:42');
INSERT INTO `catalog_languages` (`id`, `catalog_id`, `language`, `title`, `description`, `content`, `meta_desc`, `created_at`, `updated_at`) VALUES ('4', '2', 'en', 'BOOK THE DOCTOR\'S APPOINTMENT', '<p>Use a wide selection of search filters, find general practitioners or specialists and book an appointment with them.</p>', NULL, NULL, '2019-06-07 08:27:34', '2019-12-06 11:16:00');
INSERT INTO `catalog_languages` (`id`, `catalog_id`, `language`, `title`, `description`, `content`, `meta_desc`, `created_at`, `updated_at`) VALUES ('5', '3', 'ge', 'დაჯავშნეთ სატელეფონო კონსულტაცია', '<p>მიიღეთ სატელეფონო კონსულტაცია ექიმისგან და დაზოგეთ დრო.</p>', NULL, NULL, '2019-06-07 08:27:54', '2019-12-06 11:12:04');
INSERT INTO `catalog_languages` (`id`, `catalog_id`, `language`, `title`, `description`, `content`, `meta_desc`, `created_at`, `updated_at`) VALUES ('6', '3', 'en', 'BOOK THE TELEPHONE CONSULTATION', '<p>Consult with the physician over the phone and save time.</p>', NULL, NULL, '2019-06-07 08:27:54', '2019-12-06 11:12:30');
INSERT INTO `catalog_languages` (`id`, `catalog_id`, `language`, `title`, `description`, `content`, `meta_desc`, `created_at`, `updated_at`) VALUES ('7', '4', 'ge', 'მიიღეთ ელექტრონული დანიშნულებები', '<p>ვიზიტის შემდეგ, დიაგნოზთან ერთად მიიღეთ დანიშნული მედიკამენტები, კვლევები, მიმართვები სპეციალისტთან და რეკომენდაციები.</p>', NULL, NULL, '2019-06-07 08:28:34', '2019-12-06 11:06:29');
INSERT INTO `catalog_languages` (`id`, `catalog_id`, `language`, `title`, `description`, `content`, `meta_desc`, `created_at`, `updated_at`) VALUES ('8', '4', 'en', 'RECEIVE ELECTRONIC PRESCRIPTIONS', '<p>Together with your diagnosis, obtain your electronic prescriptions for medications and imagings, referrals to specialists, and recommendations.</p>', NULL, NULL, '2019-06-07 08:28:34', '2019-12-06 11:07:17');
INSERT INTO `catalog_languages` (`id`, `catalog_id`, `language`, `title`, `description`, `content`, `meta_desc`, `created_at`, `updated_at`) VALUES ('9', '5', 'ge', 'მოძებნეთ მედიკამენტები', '<p>მოძებნეთ მედიკამენტები და მათი ფასები. ნახეთ, რომელ აფთიაქში შეგიძლიათ მათი შეძენა ყველაზე ახლოს და იაფად.</p>', NULL, NULL, '2019-06-07 08:28:56', '2019-12-06 11:07:53');
INSERT INTO `catalog_languages` (`id`, `catalog_id`, `language`, `title`, `description`, `content`, `meta_desc`, `created_at`, `updated_at`) VALUES ('10', '5', 'en', 'SEARCH FOR MEDICATIONS', '<p>Search for medications and their prices. Find the nearby pharmacies where you can buy them at the lowest price.</p>', NULL, NULL, '2019-06-07 08:28:56', '2019-12-06 11:08:33');
INSERT INTO `catalog_languages` (`id`, `catalog_id`, `language`, `title`, `description`, `content`, `meta_desc`, `created_at`, `updated_at`) VALUES ('15', '8', 'ge', 'შეამცირებთ რიგებს', '<p>მომხმარებლები პირდაპირ გადაიხდიან სერვისის ფულს და შესაბამისად ადამიანი ფულის გადახდის რიგში არ ჩადგება და პირდაპირ ექიმთან მივა. ამითი რიგი შემცირდება.</p>', NULL, NULL, '2019-06-21 05:03:17', '2019-07-05 12:39:59');
INSERT INTO `catalog_languages` (`id`, `catalog_id`, `language`, `title`, `description`, `content`, `meta_desc`, `created_at`, `updated_at`) VALUES ('16', '8', 'en', 'დაჯავშნეთ სატელეფონო კონსულტაცია', '<p>კვალიფიციური ექიმები თქვენს სამსახურში.</p>', NULL, NULL, '2019-06-21 05:03:17', '2019-06-21 05:03:17');
INSERT INTO `catalog_languages` (`id`, `catalog_id`, `language`, `title`, `description`, `content`, `meta_desc`, `created_at`, `updated_at`) VALUES ('49', '25', 'ge', 'გაზრდით პაციენტების ნაკადს', '<p>ექიმოში ბევრი ადამიანი დარეგისტრირდება, რადგან ის კლინიკებისა და ექიმების ძებნის პროცესს მოსახერხებელს ხდის. ეს EKIMO-ში ჩართულ კლინიკებში გაზრდის პაციენტების ნაკადს.</p>', NULL, NULL, '2019-07-01 12:43:56', '2019-12-06 12:33:52');
INSERT INTO `catalog_languages` (`id`, `catalog_id`, `language`, `title`, `description`, `content`, `meta_desc`, `created_at`, `updated_at`) VALUES ('50', '25', 'en', 'YOU WILL INCREASE THE PATIENT FLOW', '<p>Many people will register in EKIMO, as it makes the process of searching for clinics and doctors convenient. This will increase the patient flow in provider clinics.</p>', NULL, NULL, '2019-07-01 12:43:56', '2019-12-06 12:35:30');
INSERT INTO `catalog_languages` (`id`, `catalog_id`, `language`, `title`, `description`, `content`, `meta_desc`, `created_at`, `updated_at`) VALUES ('51', '26', 'ge', 'გაზრდით ცნობადობასა და რეპუტაციას', '<p>პაციენტები ექიმებს 5-ბალიანი სკალით შეაფასებენ. რეიტინგს მომხმარებლები დაჯავშნისას გამოიყენებენ. ექიმის კარგი რეიტინგი თქვენი კლინიკის პოპულარობაზე აისახება.</p>', NULL, NULL, '2019-07-01 12:44:38', '2019-12-06 12:52:05');
INSERT INTO `catalog_languages` (`id`, `catalog_id`, `language`, `title`, `description`, `content`, `meta_desc`, `created_at`, `updated_at`) VALUES ('52', '26', 'en', 'YOU\'LL BE MORE POPULAR AND REPUTABLE', '<p>Patients will evaluate the doctors by a 5-point scale. Users will use the rating when booking doctors. Your doctor\'s good rating will foster the popularity of your clinic.</p>', NULL, NULL, '2019-07-01 12:44:38', '2019-12-06 12:52:42');
INSERT INTO `catalog_languages` (`id`, `catalog_id`, `language`, `title`, `description`, `content`, `meta_desc`, `created_at`, `updated_at`) VALUES ('53', '27', 'ge', 'გამარტივებული გადახდა', '<p>შემთხვევითად გენერირებული ტექსტი ეხმარება დიზაინერებს და ტიპოგრაფიული ნაწარმის შემქმნელებს, რეალურთან მაქსიმალურად მიახლოებული შაბლონი წარუდგინონ შემფასებელს.</p>', NULL, NULL, '2019-07-01 12:45:40', '2019-07-01 16:16:45');
INSERT INTO `catalog_languages` (`id`, `catalog_id`, `language`, `title`, `description`, `content`, `meta_desc`, `created_at`, `updated_at`) VALUES ('54', '27', 'en', 'გამარტივებული გადახდა', NULL, NULL, NULL, '2019-07-01 12:45:40', '2019-07-01 12:45:40');
INSERT INTO `catalog_languages` (`id`, `catalog_id`, `language`, `title`, `description`, `content`, `meta_desc`, `created_at`, `updated_at`) VALUES ('55', '28', 'ge', 'სამედიცინო ტრეფიკის მონეტიზაცია', '<p>შემთხვევითად გენერირებული ტექსტი ეხმარება დიზაინერებს და ტიპოგრაფიული ნაწარმის შემქმნელებს, რეალურთან მაქსიმალურად</p>', NULL, NULL, '2019-07-01 12:46:12', '2019-07-01 16:16:42');
INSERT INTO `catalog_languages` (`id`, `catalog_id`, `language`, `title`, `description`, `content`, `meta_desc`, `created_at`, `updated_at`) VALUES ('56', '28', 'en', 'სამედიცინო ტრეფიკის მონეტიზაცია', '<p>შემთხვევითად გენერირებული ტექსტი ეხმარება დიზაინერებს და ტიპოგრაფიული ნაწარმის შემქმნელებს, რეალურთან მაქსიმალურად მიახლოებული შაბლონი წარუდგინონ შემფასებელს.</p>', NULL, NULL, '2019-07-01 12:46:12', '2019-07-01 12:46:12');
INSERT INTO `catalog_languages` (`id`, `catalog_id`, `language`, `title`, `description`, `content`, `meta_desc`, `created_at`, `updated_at`) VALUES ('57', '29', 'ge', 'კმაყოფილი პაციენტები', '<p>შემთხვევითად გენერირებული ტექსტი ეხმარება დიზაინერებს და ტიპოგრაფიული ნაწარმის შემქმნელებს, რეალურთან მაქსიმალურად</p>', NULL, NULL, '2019-07-01 12:46:29', '2019-07-01 16:16:49');
INSERT INTO `catalog_languages` (`id`, `catalog_id`, `language`, `title`, `description`, `content`, `meta_desc`, `created_at`, `updated_at`) VALUES ('58', '29', 'en', 'პაციენტების ლოიალობა', NULL, '<p>შემთხვევითად გენერირებული ტექსტი ეხმარება დიზაინერებს და ტიპოგრაფიული ნაწარმის შემქმნელებს, რეალურთან მაქსიმალურად მიახლოებული შაბლონი წარუდგინონ შემფასებელს.</p>', NULL, '2019-07-01 12:46:29', '2019-07-01 12:46:29');
INSERT INTO `catalog_languages` (`id`, `catalog_id`, `language`, `title`, `description`, `content`, `meta_desc`, `created_at`, `updated_at`) VALUES ('61', '31', 'ge', 'მიიღეთ და გამოიყენეთ საგარანტიო წერილი', '<p>ოჯახის ექიმთან სატელეფონო კონსულტაციით, მიიღეთ საგარანტიო წერილი და გამოიყენეთ ის აპლიკაციით სპეციალისტის დაჯავშნისას.</p>', NULL, NULL, '2019-07-01 14:03:25', '2019-12-06 11:03:59');
INSERT INTO `catalog_languages` (`id`, `catalog_id`, `language`, `title`, `description`, `content`, `meta_desc`, `created_at`, `updated_at`) VALUES ('62', '31', 'en', 'RECEIVE AND USE THE LETTER OF GUARANTEE', '<p>Consult with your family doctor over the phone and receive the letter of guarantee when booking an appointment with the specialist.</p>', NULL, NULL, '2019-07-01 14:03:25', '2019-12-06 11:04:53');
INSERT INTO `catalog_languages` (`id`, `catalog_id`, `language`, `title`, `description`, `content`, `meta_desc`, `created_at`, `updated_at`) VALUES ('63', '32', 'ge', 'მოაწესრიგებთ ჯავშნებს და შეამცირებთ რიგებს', '<div class=\"col-lg-6 col-xl-4 benefits mb-30\">\r\n<div class=\"services-section_container d-flex\">\r\n<div class=\"d-flex flex-column \">\r\n<div class=\"services-section_item-descr\">ვიზიტის დაჯავშნა და საფასურის გადახდა აპლიკაციაშივეა შესაძლებელი, რაც ნიშნავს, რომ პაციენტებს რიგში დგომა აღარ მოუწევთ. შესაბამსად, კლინიკები უფრო ორგანიზებულად მიიღებენ პაციენტებს.</div>\r\n</div>\r\n</div>\r\n</div>', NULL, NULL, '2019-07-01 16:17:22', '2019-12-06 12:47:08');
INSERT INTO `catalog_languages` (`id`, `catalog_id`, `language`, `title`, `description`, `content`, `meta_desc`, `created_at`, `updated_at`) VALUES ('64', '32', 'en', 'YOU WILL IMPROVE YOUR BOOKING SYSTEM AND REDUCE QUEUES', '<div class=\"col-lg-6 col-xl-4 benefits mb-30\">\r\n<div class=\"services-section_container d-flex\">\r\n<div class=\"d-flex flex-column \">\r\n<div class=\"services-section_item-descr\">Patients will book and pay for services in the app, which means that they will no longer have to stand in line. In this way, clinics will serve the patients in a more organized way.</div>\r\n</div>\r\n</div>\r\n</div>', NULL, NULL, '2019-07-01 16:17:22', '2019-12-06 12:47:50');
INSERT INTO `catalog_languages` (`id`, `catalog_id`, `language`, `title`, `description`, `content`, `meta_desc`, `created_at`, `updated_at`) VALUES ('65', '33', 'ge', 'გააუმჯობესებთ პაციენტების ინფორმირებულობასა და მკურნალობაზე დამყოლობას', '<p>პაციენტი აპლიკაციაში იღებს ელექტრონულ დიაგნოზებს, რეკომენდაციებს, დანიშნულ მედიკამენტებს, კვლევებსა და მიმართვებს, რაც აუმჯობესებს პაციენტების ინფორმირებულობასა და მკურნალობაზე დამყოლობას.</p>', NULL, NULL, '2019-07-01 16:17:55', '2019-12-06 12:45:17');
INSERT INTO `catalog_languages` (`id`, `catalog_id`, `language`, `title`, `description`, `content`, `meta_desc`, `created_at`, `updated_at`) VALUES ('66', '33', 'en', 'YOU\'LL IMPROVE THE PATIENT AWARENESS AND COMPLIANCE', '<p>The patients receive electronic diagnoses, recommendations, prescribed medications, referrals to specialists and services in the app, which improves patient awareness and compliance to treatment.</p>', NULL, NULL, '2019-07-01 16:17:55', '2019-12-06 12:46:21');
INSERT INTO `catalog_languages` (`id`, `catalog_id`, `language`, `title`, `description`, `content`, `meta_desc`, `created_at`, `updated_at`) VALUES ('67', '34', 'ge', 'პაციენტებს დისტანციურ მომსახურებას შესთავაზებთ', '<p style=\"text-align: justify;\">ექიმებს საშუალება ექნებათ, პაციენტებს სრულფასოვანი და ფასიანი სატელეფონო კონსულტაცია გაუწიონ, მაგალითად, ის სპეციალისტთან გადაამისამართონ ან მედიკამენტი დაუნიშნონ.</p>', NULL, NULL, '2019-07-01 16:18:54', '2019-12-06 12:49:24');
INSERT INTO `catalog_languages` (`id`, `catalog_id`, `language`, `title`, `description`, `content`, `meta_desc`, `created_at`, `updated_at`) VALUES ('68', '34', 'en', 'YOU WILL OFFER REMOTE MEDICAL SERVICES TO PATIENTS', '<p>Doctors will be able to provide comprehensive, paid telephone consultation. For example, they will refer a patient to a specialist remotely or prescribe a medication.</p>', NULL, NULL, '2019-07-01 16:18:54', '2019-12-06 12:50:32');
INSERT INTO `catalog_languages` (`id`, `catalog_id`, `language`, `title`, `description`, `content`, `meta_desc`, `created_at`, `updated_at`) VALUES ('69', '35', 'ge', 'პაციენტებს დისტანციურ მომსახურებას შესთავაზებთ', '<p>საშუალება გექნებათ, პაციენტებს სრულფასოვანი და ფასიანი სატელეფონო კონსულტაცია გაუწიოთ, მაგალითად, მედიკამენტი დაუნიშნოთ ან რეკომენდაცია მისცეთ.</p>', NULL, NULL, '2019-07-01 16:23:09', '2019-12-06 12:42:40');
INSERT INTO `catalog_languages` (`id`, `catalog_id`, `language`, `title`, `description`, `content`, `meta_desc`, `created_at`, `updated_at`) VALUES ('70', '35', 'en', 'YOU WILL OFFER REMOTE MEDICAL SERVICES TO PATIENTS', '<div class=\"col-lg-6 col-xl-4 benefits mb-30\">\r\n<div class=\"services-section_container d-flex\">\r\n<div class=\"d-flex flex-column \">\r\n<div class=\"services-section_item-descr\">You will be able to provide comprehensive, paid telephone consultation. For example, you will prescribe a medication or give them a recommendation. </div>\r\n</div>\r\n</div>\r\n</div>', NULL, NULL, '2019-07-01 16:23:09', '2019-12-06 12:43:22');
INSERT INTO `catalog_languages` (`id`, `catalog_id`, `language`, `title`, `description`, `content`, `meta_desc`, `created_at`, `updated_at`) VALUES ('71', '36', 'ge', 'გექნებათ წვდომა მეტ პაციენტზე', '<p>პაციენტების უმრავლესობა ექიმს რეკომენდაციის საფუძველზე აკითხავს. EKIMO-ში ჩაშენებული სარეიტინგო სისტემა პაციენტების ახალ ნაკადს გაგიჩენთ.</p>', NULL, NULL, '2019-07-01 16:23:35', '2019-12-06 12:36:25');
INSERT INTO `catalog_languages` (`id`, `catalog_id`, `language`, `title`, `description`, `content`, `meta_desc`, `created_at`, `updated_at`) VALUES ('72', '36', 'en', 'YOU\'LL BE ABLE TO REACH MORE PATIENTS', '<p>Most patients refer to doctor based on recommendations. In-built rating system will help you to reach out for a whole new patient population, based on your rating score.</p>', NULL, NULL, '2019-07-01 16:23:35', '2019-12-06 12:37:35');
INSERT INTO `catalog_languages` (`id`, `catalog_id`, `language`, `title`, `description`, `content`, `meta_desc`, `created_at`, `updated_at`) VALUES ('73', '37', 'ge', 'გამოიყენებთ სამედიცინო საინფორმაციო სისტემას უფასოდ', '<p>ექიმები ტრადიციული ქაღალდმატარებლების ნაცვლად, გამოიყენებენ სისტემას, რომელშიც ელექტრონულად შეავსებენ დანიშნულებებს, დიაგნოზებს, რეცეპტებს (ინტეგრირებულია ჯანდაცვის სამინისტროს პორტალთან) და გაუგზავნიან მათ პაციენტებს.</p>', NULL, NULL, '2019-07-01 16:24:17', '2019-12-06 12:31:04');
INSERT INTO `catalog_languages` (`id`, `catalog_id`, `language`, `title`, `description`, `content`, `meta_desc`, `created_at`, `updated_at`) VALUES ('74', '37', 'en', 'YOU\'LL USE THE MEDICAL INFORMATION SYSTEM FOR FREE', '<p>Doctors will substitute traditional paper-based medical documentation with electronic medical records, where they can specify diagnosis and generate electronic prescriptions (integrated with MOH services) and exchange them with patients via app.</p>', NULL, NULL, '2019-07-01 16:24:17', '2019-12-06 12:32:00');
INSERT INTO `catalog_languages` (`id`, `catalog_id`, `language`, `title`, `description`, `content`, `meta_desc`, `created_at`, `updated_at`) VALUES ('75', '38', 'ge', 'გაზრდით შემოსავალს', '<div class=\"container-fluid\">\r\n<div class=\"row services-section_items service-section-providers_items\">\r\n<div class=\"col-lg-6 col-xl-4 benefits mb-30\">\r\n<div class=\"services-section_container d-flex\">\r\n<div class=\"d-flex flex-column \">\r\n<div class=\"services-section_item-descr\">EKIMO-ს გამოყენებით, გეყოლებათ მეტი პაციენტი. თუ კარგი რეიტინგი გექნებათ, გეყოლებათ მეტი პაციენტი და ფასის მომატებასაც შეძლებთ. შედეგად, გაგეზრდებათ შემოსავალი.</div>\r\n</div>\r\n</div>\r\n</div>\r\n</div>\r\n</div>\r\n<footer class=\"site__footer\"></footer>', NULL, NULL, '2019-07-01 16:24:39', '2019-12-06 13:29:56');
INSERT INTO `catalog_languages` (`id`, `catalog_id`, `language`, `title`, `description`, `content`, `meta_desc`, `created_at`, `updated_at`) VALUES ('76', '38', 'en', 'YOU\'LL HAVE A BETTER INCOME', '<div class=\"container-fluid\">\r\n<div class=\"row services-section_items service-section-providers_items\">\r\n<div class=\"col-lg-6 col-xl-4 benefits mb-30\">\r\n<div class=\"services-section_container d-flex\">\r\n<div class=\"d-flex flex-column \">\r\n<div class=\"services-section_item-descr\">EKIMO will bring you more patients. If you have a good rating, more patiens will choose to visit you, which will allow you to increase the price. Thus, your income will increase.</div>\r\n</div>\r\n</div>\r\n</div>\r\n</div>\r\n</div>', NULL, NULL, '2019-07-01 16:24:39', '2019-12-06 13:30:51');
INSERT INTO `catalog_languages` (`id`, `catalog_id`, `language`, `title`, `description`, `content`, `meta_desc`, `created_at`, `updated_at`) VALUES ('77', '39', 'ge', 'მოაწესრიგებთ ჩაწერებს', '<p>ელექტრონული ჯავშნები ჩაწერის პროცესის მოწესრიგების საშუალებას მოგცემთ. თქვენთან აღარ იარსებებს შეცდომები, რომლებიც ხშირია ფურცლით მუშაობის დროს.</p>', NULL, NULL, '2019-07-01 16:25:04', '2019-12-06 12:39:47');
INSERT INTO `catalog_languages` (`id`, `catalog_id`, `language`, `title`, `description`, `content`, `meta_desc`, `created_at`, `updated_at`) VALUES ('78', '39', 'en', 'YOU BOOKING SYSTEM WILL IMPROVE', '<p>Electronic booking allows you to streamline the process. You will no longer have errors that are so common when working on paper.</p>', NULL, NULL, '2019-07-01 16:25:04', '2019-12-06 12:40:18');
INSERT INTO `catalog_languages` (`id`, `catalog_id`, `language`, `title`, `description`, `content`, `meta_desc`, `created_at`, `updated_at`) VALUES ('79', '40', 'ge', 'გაზრდით ცნობადობასა და რეპუტაციას', '<p>პაციენტები ექიმებს 5-ბალიანი სკალით შეაფასებენ. რეიტინგს მომხმარებლები ექიმების დაჯავშნისას გამოიყენებენ. კარგი რეიტინგი თქვენს რეპუტაციასა და პოპულარობაზე აისახება.</p>', NULL, NULL, '2019-07-01 16:25:24', '2019-12-11 07:48:22');
INSERT INTO `catalog_languages` (`id`, `catalog_id`, `language`, `title`, `description`, `content`, `meta_desc`, `created_at`, `updated_at`) VALUES ('80', '40', 'en', 'YOU\'LL BE MORE POPULAR AND REPUTABLE', '<p>Patients will evaluate the doctors by a 5-point scale. Users will use the rating when booking doctors. Better rating will foster your reputation and popularity.</p>', NULL, NULL, '2019-07-01 16:25:24', '2019-12-06 12:30:26');
INSERT INTO `catalog_languages` (`id`, `catalog_id`, `language`, `title`, `description`, `content`, `meta_desc`, `created_at`, `updated_at`) VALUES ('89', '45', 'ge', 'გამოიყენებთ სამედიცინო საინფორმაციო სისტემას უფასოდ', '<div class=\"container-fluid\">\r\n<div class=\"row services-section_items service-section-providers_items\">\r\n<div class=\"col-lg-6 col-xl-4 benefits mb-30\">\r\n<div class=\"services-section_container d-flex\">\r\n<div class=\"d-flex flex-column \">\r\n<div class=\"services-section_item-descr\">ექიმები ტრადიციული ქაღალდმატარებლების ნაცვლად, გამოიყენებენ სისტემას, რომელშიც ელექტრონულად შეავსებენ დანიშნულებებს, დიაგნოზებს, რეცეპტებს (ინტეგრირებულია ჯანდაცვის სამინისტროს პორტალთან) და გაუგზავნიან მათ პაციენტებს.</div>\r\n</div>\r\n</div>\r\n</div>\r\n</div>\r\n</div>', NULL, NULL, '2019-07-10 14:29:11', '2019-12-06 12:40:54');
INSERT INTO `catalog_languages` (`id`, `catalog_id`, `language`, `title`, `description`, `content`, `meta_desc`, `created_at`, `updated_at`) VALUES ('90', '45', 'en', 'YOU\'LL USE THE MEDICAL INFORMATION SYSTEM FOR FREE', '<p>Doctors will substitute traditional paper-based medical documentation with electronic medical records, where they can specify diagnosis and generate electronic prescriptions (integrated with MOH services) and exchange them with patients via app.</p>', NULL, NULL, '2019-07-10 14:29:11', '2019-12-06 12:41:49');

INSERT INTO `catalog_page` (`id`, `catalog_id`, `page_id`) VALUES ('17', '6', '7');
INSERT INTO `catalog_page` (`id`, `catalog_id`, `page_id`) VALUES ('18', '6', '8');
INSERT INTO `catalog_page` (`id`, `catalog_id`, `page_id`) VALUES ('19', '7', '7');
INSERT INTO `catalog_page` (`id`, `catalog_id`, `page_id`) VALUES ('20', '7', '8');
INSERT INTO `catalog_page` (`id`, `catalog_id`, `page_id`) VALUES ('27', '3', '0');
INSERT INTO `catalog_page` (`id`, `catalog_id`, `page_id`) VALUES ('28', '5', '0');
INSERT INTO `catalog_page` (`id`, `catalog_id`, `page_id`) VALUES ('30', '1', '0');
INSERT INTO `catalog_page` (`id`, `catalog_id`, `page_id`) VALUES ('31', '2', '0');
INSERT INTO `catalog_page` (`id`, `catalog_id`, `page_id`) VALUES ('45', '4', '0');
INSERT INTO `catalog_page` (`id`, `catalog_id`, `page_id`) VALUES ('51', '8', '7');
INSERT INTO `catalog_page` (`id`, `catalog_id`, `page_id`) VALUES ('63', '25', '7');
INSERT INTO `catalog_page` (`id`, `catalog_id`, `page_id`) VALUES ('64', '26', '7');
INSERT INTO `catalog_page` (`id`, `catalog_id`, `page_id`) VALUES ('65', '27', '7');
INSERT INTO `catalog_page` (`id`, `catalog_id`, `page_id`) VALUES ('66', '28', '7');
INSERT INTO `catalog_page` (`id`, `catalog_id`, `page_id`) VALUES ('67', '29', '7');
INSERT INTO `catalog_page` (`id`, `catalog_id`, `page_id`) VALUES ('68', '30', '0');
INSERT INTO `catalog_page` (`id`, `catalog_id`, `page_id`) VALUES ('69', '30', '7');
INSERT INTO `catalog_page` (`id`, `catalog_id`, `page_id`) VALUES ('70', '30', '8');
INSERT INTO `catalog_page` (`id`, `catalog_id`, `page_id`) VALUES ('71', '31', '0');
INSERT INTO `catalog_page` (`id`, `catalog_id`, `page_id`) VALUES ('72', '32', '7');
INSERT INTO `catalog_page` (`id`, `catalog_id`, `page_id`) VALUES ('73', '33', '7');
INSERT INTO `catalog_page` (`id`, `catalog_id`, `page_id`) VALUES ('74', '34', '7');
INSERT INTO `catalog_page` (`id`, `catalog_id`, `page_id`) VALUES ('75', '35', '8');
INSERT INTO `catalog_page` (`id`, `catalog_id`, `page_id`) VALUES ('76', '36', '8');
INSERT INTO `catalog_page` (`id`, `catalog_id`, `page_id`) VALUES ('78', '38', '8');
INSERT INTO `catalog_page` (`id`, `catalog_id`, `page_id`) VALUES ('79', '39', '8');
INSERT INTO `catalog_page` (`id`, `catalog_id`, `page_id`) VALUES ('80', '40', '8');
INSERT INTO `catalog_page` (`id`, `catalog_id`, `page_id`) VALUES ('81', '37', '7');
INSERT INTO `catalog_page` (`id`, `catalog_id`, `page_id`) VALUES ('82', '45', '8');

INSERT INTO `categories` (`id`, `collection_id`, `position`, `visible`, `created_at`, `updated_at`) VALUES ('1', '7', '3', '1', '2019-06-18 09:09:57', '2019-07-01 15:45:46');
INSERT INTO `categories` (`id`, `collection_id`, `position`, `visible`, `created_at`, `updated_at`) VALUES ('3', '7', '5', '1', '2019-06-25 14:07:55', '2019-07-01 15:45:46');
INSERT INTO `categories` (`id`, `collection_id`, `position`, `visible`, `created_at`, `updated_at`) VALUES ('4', '7', '9', '1', '2019-06-25 14:09:05', '2019-07-01 15:45:46');
INSERT INTO `categories` (`id`, `collection_id`, `position`, `visible`, `created_at`, `updated_at`) VALUES ('5', '7', '7', '1', '2019-06-25 14:09:15', '2019-07-01 15:45:46');
INSERT INTO `categories` (`id`, `collection_id`, `position`, `visible`, `created_at`, `updated_at`) VALUES ('6', '7', '6', '1', '2019-06-25 14:09:24', '2019-07-01 15:45:46');
INSERT INTO `categories` (`id`, `collection_id`, `position`, `visible`, `created_at`, `updated_at`) VALUES ('7', '7', '2', '0', '2019-06-25 14:09:35', '2019-07-01 15:45:46');
INSERT INTO `categories` (`id`, `collection_id`, `position`, `visible`, `created_at`, `updated_at`) VALUES ('8', '7', '4', '1', '2019-06-25 14:09:51', '2019-07-01 15:45:46');
INSERT INTO `categories` (`id`, `collection_id`, `position`, `visible`, `created_at`, `updated_at`) VALUES ('9', '7', '8', '1', '2019-07-01 15:40:42', '2019-07-01 15:45:46');

INSERT INTO `category_languages` (`id`, `category_id`, `language`, `title`, `created_at`, `updated_at`) VALUES ('1', '1', 'ge', 'სერვისის მომწოდებლები', '2019-06-18 09:09:57', '2019-06-18 09:09:57');
INSERT INTO `category_languages` (`id`, `category_id`, `language`, `title`, `created_at`, `updated_at`) VALUES ('2', '1', 'en', 'service providers', '2019-06-18 09:09:57', '2019-06-18 09:10:06');
INSERT INTO `category_languages` (`id`, `category_id`, `language`, `title`, `created_at`, `updated_at`) VALUES ('5', '3', 'ge', 'მომხმარებლის პროფილი', '2019-06-25 14:07:55', '2019-06-25 14:07:55');
INSERT INTO `category_languages` (`id`, `category_id`, `language`, `title`, `created_at`, `updated_at`) VALUES ('6', '3', 'en', 'მომხმარებლის პროფილი', '2019-06-25 14:07:55', '2019-06-25 14:07:55');
INSERT INTO `category_languages` (`id`, `category_id`, `language`, `title`, `created_at`, `updated_at`) VALUES ('7', '4', 'ge', 'ექიმის დაჯავშნა', '2019-06-25 14:09:05', '2019-06-25 14:09:05');
INSERT INTO `category_languages` (`id`, `category_id`, `language`, `title`, `created_at`, `updated_at`) VALUES ('8', '4', 'en', 'ექიმის დაჯავშნა', '2019-06-25 14:09:05', '2019-06-25 14:09:05');
INSERT INTO `category_languages` (`id`, `category_id`, `language`, `title`, `created_at`, `updated_at`) VALUES ('9', '5', 'ge', 'მედიკამენტის ძებნა', '2019-06-25 14:09:15', '2019-06-25 14:09:15');
INSERT INTO `category_languages` (`id`, `category_id`, `language`, `title`, `created_at`, `updated_at`) VALUES ('10', '5', 'en', 'მედიკამენტის ძებნა', '2019-06-25 14:09:15', '2019-06-25 14:09:15');
INSERT INTO `category_languages` (`id`, `category_id`, `language`, `title`, `created_at`, `updated_at`) VALUES ('11', '6', 'ge', 'ელექტრონული დანიშნულებები', '2019-06-25 14:09:24', '2019-07-01 15:45:54');
INSERT INTO `category_languages` (`id`, `category_id`, `language`, `title`, `created_at`, `updated_at`) VALUES ('12', '6', 'en', 'დანიშნულებები', '2019-06-25 14:09:24', '2019-06-25 14:09:24');
INSERT INTO `category_languages` (`id`, `category_id`, `language`, `title`, `created_at`, `updated_at`) VALUES ('13', '7', 'ge', 'სადაზღვევო პოლისები', '2019-06-25 14:09:35', '2019-07-01 15:44:04');
INSERT INTO `category_languages` (`id`, `category_id`, `language`, `title`, `created_at`, `updated_at`) VALUES ('14', '7', 'en', 'სადაზღვევო პოლისები', '2019-06-25 14:09:35', '2019-06-25 14:09:35');
INSERT INTO `category_languages` (`id`, `category_id`, `language`, `title`, `created_at`, `updated_at`) VALUES ('15', '8', 'ge', 'ლოიალობის ბარათები', '2019-06-25 14:09:51', '2019-06-25 14:09:51');
INSERT INTO `category_languages` (`id`, `category_id`, `language`, `title`, `created_at`, `updated_at`) VALUES ('16', '8', 'en', 'ლოიალობის ბარათები', '2019-06-25 14:09:51', '2019-06-25 14:09:51');
INSERT INTO `category_languages` (`id`, `category_id`, `language`, `title`, `created_at`, `updated_at`) VALUES ('17', '9', 'ge', 'დაზღვევა და საგარანტიო წერილი', '2019-07-01 15:40:42', '2019-07-01 15:43:52');
INSERT INTO `category_languages` (`id`, `category_id`, `language`, `title`, `created_at`, `updated_at`) VALUES ('18', '9', 'en', 'სადაზღვევოს საგარანტიო წერილი', '2019-07-01 15:40:42', '2019-07-01 15:40:42');

INSERT INTO `cms_settings` (`id`, `cms_user_id`, `sidebar_position`, `sidebar_direction`, `horizontal_menu`, `horizontal_menu_minimal`, `horizontal_menu_click`, `skin_sidebar`, `skin_user_menu`, `skin_horizontal`, `skin_login`, `layout_boxed`, `alert_position`, `ajax_form`, `lockscreen`, `created_at`, `updated_at`) VALUES ('1', '1', 'fixed', 'left-sidebar', '0', '', '', 'skin-aero', 'user-info-navbar-skin-navy', NULL, 'skin-lemonade', '', 'top-right', 'ajax-form', '0', '2019-06-07 07:08:49', NULL);
INSERT INTO `cms_settings` (`id`, `cms_user_id`, `sidebar_position`, `sidebar_direction`, `horizontal_menu`, `horizontal_menu_minimal`, `horizontal_menu_click`, `skin_sidebar`, `skin_user_menu`, `skin_horizontal`, `skin_login`, `layout_boxed`, `alert_position`, `ajax_form`, `lockscreen`, `created_at`, `updated_at`) VALUES ('2', '2', 'fixed', 'left-sidebar', '0', NULL, NULL, NULL, NULL, NULL, NULL, NULL, 'top-right', 'ajax-form', '0', NULL, NULL);

INSERT INTO `cms_users` (`id`, `email`, `role`, `firstname`, `lastname`, `phone`, `address`, `active`, `photo`, `password`, `remember_token`, `created_at`, `updated_at`) VALUES ('1', 'admin@ekimo.ge', 'admin', 'Ekimo1', 'admin', '123', '123', '1', 'http://ekimo.devmobility.com/assets/images/user-2.png', '$2y$10$86QpEVwnXJYsO49wJBWkReBwy2DCPkh6VRMQ/22dESoUPdq9VQSlG', 'Eq1xRqkbBv7khFVfkuaHXiyYp148affcQ6tsV43VHxIZ6TbqJC5qsHCrfvHl', '2019-06-07 05:43:49', '2019-06-07 05:46:57');

INSERT INTO `collections` (`id`, `title`, `type`, `admin_order_by`, `admin_sort`, `admin_per_page`, `web_order_by`, `web_sort`, `web_per_page`, `description`, `created_at`, `updated_at`) VALUES ('1', 'features', 'catalog', 'position', 'desc', '20', 'position', 'desc', '50', NULL, '2019-06-07 08:23:08', '2019-06-07 08:23:08');
INSERT INTO `collections` (`id`, `title`, `type`, `admin_order_by`, `admin_sort`, `admin_per_page`, `web_order_by`, `web_sort`, `web_per_page`, `description`, `created_at`, `updated_at`) VALUES ('3', 'replies', 'articles', 'position', 'desc', '20', 'position', 'desc', '50', NULL, '2019-06-07 09:08:17', '2019-06-07 09:09:41');
INSERT INTO `collections` (`id`, `title`, `type`, `admin_order_by`, `admin_sort`, `admin_per_page`, `web_order_by`, `web_sort`, `web_per_page`, `description`, `created_at`, `updated_at`) VALUES ('4', 'providers', 'providers', 'position', 'desc', '20', 'position', 'desc', '50', NULL, '2019-06-14 05:30:46', '2019-06-14 05:30:46');
INSERT INTO `collections` (`id`, `title`, `type`, `admin_order_by`, `admin_sort`, `admin_per_page`, `web_order_by`, `web_sort`, `web_per_page`, `description`, `created_at`, `updated_at`) VALUES ('5', 'team members', 'members', 'position', 'desc', '20', 'position', 'desc', '50', NULL, '2019-06-14 07:25:33', '2019-06-14 07:25:33');
INSERT INTO `collections` (`id`, `title`, `type`, `admin_order_by`, `admin_sort`, `admin_per_page`, `web_order_by`, `web_sort`, `web_per_page`, `description`, `created_at`, `updated_at`) VALUES ('6', 'blog', 'articles', 'position', 'desc', '20', 'position', 'desc', '6', NULL, '2019-06-14 09:26:43', '2019-06-14 09:26:43');
INSERT INTO `collections` (`id`, `title`, `type`, `admin_order_by`, `admin_sort`, `admin_per_page`, `web_order_by`, `web_sort`, `web_per_page`, `description`, `created_at`, `updated_at`) VALUES ('7', 'faq categories', 'categories', 'position', 'desc', '20', 'position', 'desc', '50', NULL, '2019-06-18 09:06:48', '2019-06-18 09:06:48');
INSERT INTO `collections` (`id`, `title`, `type`, `admin_order_by`, `admin_sort`, `admin_per_page`, `web_order_by`, `web_sort`, `web_per_page`, `description`, `created_at`, `updated_at`) VALUES ('9', 'faq', 'faq', 'position', 'desc', '20', 'position', 'desc', '50', NULL, '2019-06-18 09:34:12', '2019-06-18 09:34:12');
INSERT INTO `collections` (`id`, `title`, `type`, `admin_order_by`, `admin_sort`, `admin_per_page`, `web_order_by`, `web_sort`, `web_per_page`, `description`, `created_at`, `updated_at`) VALUES ('11', 'სერვისები', 'services', 'position', 'desc', '20', 'position', 'desc', '10', NULL, '2019-06-21 07:01:59', '2019-06-21 07:01:59');

INSERT INTO `faq` (`id`, `collection_id`, `category_id`, `position`, `visible`, `created_at`, `updated_at`) VALUES ('8', '9', '1', '3', '1', '2019-06-26 06:40:27', '2019-06-26 07:12:27');
INSERT INTO `faq` (`id`, `collection_id`, `category_id`, `position`, `visible`, `created_at`, `updated_at`) VALUES ('9', '9', '1', '2', '1', '2019-06-26 06:40:57', '2019-07-11 13:46:09');
INSERT INTO `faq` (`id`, `collection_id`, `category_id`, `position`, `visible`, `created_at`, `updated_at`) VALUES ('10', '9', '1', '1', '1', '2019-06-26 06:42:47', '2019-06-26 07:12:27');
INSERT INTO `faq` (`id`, `collection_id`, `category_id`, `position`, `visible`, `created_at`, `updated_at`) VALUES ('11', '9', '3', '7', '1', '2019-06-26 07:11:02', '2019-06-26 07:12:27');
INSERT INTO `faq` (`id`, `collection_id`, `category_id`, `position`, `visible`, `created_at`, `updated_at`) VALUES ('12', '9', '3', '6', '1', '2019-06-26 07:11:18', '2019-06-26 07:12:27');
INSERT INTO `faq` (`id`, `collection_id`, `category_id`, `position`, `visible`, `created_at`, `updated_at`) VALUES ('13', '9', '3', '5', '1', '2019-06-26 07:11:34', '2019-06-26 07:12:27');
INSERT INTO `faq` (`id`, `collection_id`, `category_id`, `position`, `visible`, `created_at`, `updated_at`) VALUES ('14', '9', '3', '4', '1', '2019-06-26 07:11:51', '2019-06-26 07:12:27');
INSERT INTO `faq` (`id`, `collection_id`, `category_id`, `position`, `visible`, `created_at`, `updated_at`) VALUES ('15', '9', '4', '8', '1', '2019-06-26 08:36:31', '2019-06-26 08:36:31');
INSERT INTO `faq` (`id`, `collection_id`, `category_id`, `position`, `visible`, `created_at`, `updated_at`) VALUES ('16', '9', '4', '9', '1', '2019-06-26 08:36:46', '2019-07-04 07:33:58');
INSERT INTO `faq` (`id`, `collection_id`, `category_id`, `position`, `visible`, `created_at`, `updated_at`) VALUES ('17', '9', '4', '10', '1', '2019-06-26 08:37:02', '2019-07-04 07:33:58');
INSERT INTO `faq` (`id`, `collection_id`, `category_id`, `position`, `visible`, `created_at`, `updated_at`) VALUES ('18', '9', '4', '11', '0', '2019-06-26 08:37:20', '2019-07-04 07:33:58');
INSERT INTO `faq` (`id`, `collection_id`, `category_id`, `position`, `visible`, `created_at`, `updated_at`) VALUES ('19', '9', '4', '12', '0', '2019-06-26 08:37:34', '2019-07-04 07:33:58');
INSERT INTO `faq` (`id`, `collection_id`, `category_id`, `position`, `visible`, `created_at`, `updated_at`) VALUES ('20', '9', '4', '13', '1', '2019-06-26 08:37:53', '2019-07-04 07:33:58');
INSERT INTO `faq` (`id`, `collection_id`, `category_id`, `position`, `visible`, `created_at`, `updated_at`) VALUES ('21', '9', '4', '14', '1', '2019-06-26 08:39:06', '2019-07-04 07:33:58');
INSERT INTO `faq` (`id`, `collection_id`, `category_id`, `position`, `visible`, `created_at`, `updated_at`) VALUES ('22', '9', '5', '16', '1', '2019-06-26 08:48:04', '2019-07-04 07:33:58');
INSERT INTO `faq` (`id`, `collection_id`, `category_id`, `position`, `visible`, `created_at`, `updated_at`) VALUES ('23', '9', '5', '17', '1', '2019-06-26 08:48:19', '2019-07-04 07:33:58');
INSERT INTO `faq` (`id`, `collection_id`, `category_id`, `position`, `visible`, `created_at`, `updated_at`) VALUES ('24', '9', '5', '18', '1', '2019-06-26 08:48:32', '2019-07-04 07:33:58');
INSERT INTO `faq` (`id`, `collection_id`, `category_id`, `position`, `visible`, `created_at`, `updated_at`) VALUES ('25', '9', '6', '19', '1', '2019-06-26 09:34:39', '2019-07-04 07:33:58');
INSERT INTO `faq` (`id`, `collection_id`, `category_id`, `position`, `visible`, `created_at`, `updated_at`) VALUES ('26', '9', '6', '20', '1', '2019-06-26 09:34:54', '2019-07-04 07:33:58');
INSERT INTO `faq` (`id`, `collection_id`, `category_id`, `position`, `visible`, `created_at`, `updated_at`) VALUES ('27', '9', '6', '21', '1', '2019-06-26 09:35:12', '2019-07-04 07:33:58');
INSERT INTO `faq` (`id`, `collection_id`, `category_id`, `position`, `visible`, `created_at`, `updated_at`) VALUES ('28', '9', '9', '22', '1', '2019-06-26 09:38:45', '2019-07-04 07:33:58');
INSERT INTO `faq` (`id`, `collection_id`, `category_id`, `position`, `visible`, `created_at`, `updated_at`) VALUES ('29', '9', '9', '23', '1', '2019-06-26 09:39:02', '2019-07-04 07:33:58');
INSERT INTO `faq` (`id`, `collection_id`, `category_id`, `position`, `visible`, `created_at`, `updated_at`) VALUES ('30', '9', '8', '24', '1', '2019-06-26 09:45:37', '2019-07-04 07:33:58');
INSERT INTO `faq` (`id`, `collection_id`, `category_id`, `position`, `visible`, `created_at`, `updated_at`) VALUES ('31', '9', '8', '25', '1', '2019-06-26 09:45:48', '2019-07-04 07:33:58');
INSERT INTO `faq` (`id`, `collection_id`, `category_id`, `position`, `visible`, `created_at`, `updated_at`) VALUES ('32', '9', '8', '26', '1', '2019-06-26 09:45:58', '2019-07-04 07:33:58');
INSERT INTO `faq` (`id`, `collection_id`, `category_id`, `position`, `visible`, `created_at`, `updated_at`) VALUES ('33', '9', '9', '27', '1', '2019-07-01 15:43:17', '2019-07-04 07:33:58');
INSERT INTO `faq` (`id`, `collection_id`, `category_id`, `position`, `visible`, `created_at`, `updated_at`) VALUES ('34', '9', '9', '28', '1', '2019-07-01 15:43:37', '2019-07-04 07:33:58');
INSERT INTO `faq` (`id`, `collection_id`, `category_id`, `position`, `visible`, `created_at`, `updated_at`) VALUES ('35', '9', '5', '15', '1', '2019-07-04 07:33:31', '2019-07-04 07:33:58');

INSERT INTO `faq_languages` (`id`, `faq_id`, `language`, `title`, `description`, `created_at`, `updated_at`) VALUES ('15', '8', 'ge', 'რას ნიშნავს სერვისის მომწოდებელთან დაკავშირება?', '<p><span data-sheets-value=\"{&quot;1&quot;:2,&quot;2&quot;:&quot;EKIMO-ს ჰყავს პარტნიორი კომპანიები სამედიცინო, სადაზღვევო და სააფთიაქო მიმართულებით. ყველა პარტნიორი კომპანია EKIMO-ს მომხმარებლებისთვის სერვისის მომწოდებელია. აპლიკაციაში დარეგისტრირების შემდეგ, პროფილში პირადი ნომრის შევსების შემთხვევაში, თქვენი პირადი მონაცემები ავტომატურად გადამოწმდება EKIMO-ს სერვისის მომწოდებლებთან. სადაც თქვენი პირადი მონაცემები იქნება ნაპოვნი, იმ მომწოდებლებთან თქვენ დაკავშირებული იქნებით. აღნიშნულ კომპანიებთან დაკავშირება შეგიძლიათ თქვენი პროფილიდანაც: ბლოკში \\&quot;სერვისის მომწოდებლები\\&quot; ღილაკზე \\&quot;სერვისის მომწოდებლის დამატება\\&quot; დაჭერით.&quot;}\" data-sheets-userformat=\"{&quot;2&quot;:5033,&quot;3&quot;:{&quot;1&quot;:0},&quot;6&quot;:{&quot;1&quot;:[{&quot;1&quot;:2,&quot;2&quot;:0,&quot;5&quot;:[null,2,0]},{&quot;1&quot;:0,&quot;2&quot;:0,&quot;3&quot;:3},{&quot;1&quot;:1,&quot;2&quot;:0,&quot;4&quot;:1}]},&quot;8&quot;:{&quot;1&quot;:[{&quot;1&quot;:2,&quot;2&quot;:0,&quot;5&quot;:[null,2,0]},{&quot;1&quot;:0,&quot;2&quot;:0,&quot;3&quot;:3},{&quot;1&quot;:1,&quot;2&quot;:0,&quot;4&quot;:1}]},&quot;10&quot;:1,&quot;11&quot;:4,&quot;12&quot;:0,&quot;15&quot;:&quot;arial,sans,sans-serif&quot;}\">EKIMO-ს ჰყავს პარტნიორი კომპანიები სამედიცინო, სადაზღვევო და სააფთიაქო მიმართულებით. ყველა პარტნიორი კომპანია EKIMO-ს მომხმარებლებისთვის სერვისის მომწოდებელია. აპლიკაციაში დარეგისტრირების შემდეგ, პროფილში პირადი ნომრის შევსების შემთხვევაში, თქვენი პირადი მონაცემები ავტომატურად გადამოწმდება EKIMO-ს სერვისის მომწოდებლებთან. სადაც თქვენი პირადი მონაცემები იქნება ნაპოვნი, იმ მომწოდებლებთან თქვენ დაკავშირებული იქნებით. აღნიშნულ კომპანიებთან დაკავშირება შეგიძლიათ თქვენი პროფილიდანაც: ბლოკში \"სერვისის მომწოდებლები\" ღილაკზე \"სერვისის მომწოდებლის დამატება\" დაჭერით.</span></p>', '2019-06-26 06:40:27', '2019-06-26 06:40:27');
INSERT INTO `faq_languages` (`id`, `faq_id`, `language`, `title`, `description`, `created_at`, `updated_at`) VALUES ('16', '8', 'en', 'რას ნიშნავს სერვისის მომწოდებელთან დაკავშირება?', '<p><span data-sheets-value=\"{&quot;1&quot;:2,&quot;2&quot;:&quot;EKIMO-ს ჰყავს პარტნიორი კომპანიები სამედიცინო, სადაზღვევო და სააფთიაქო მიმართულებით. ყველა პარტნიორი კომპანია EKIMO-ს მომხმარებლებისთვის სერვისის მომწოდებელია. აპლიკაციაში დარეგისტრირების შემდეგ, პროფილში პირადი ნომრის შევსების შემთხვევაში, თქვენი პირადი მონაცემები ავტომატურად გადამოწმდება EKIMO-ს სერვისის მომწოდებლებთან. სადაც თქვენი პირადი მონაცემები იქნება ნაპოვნი, იმ მომწოდებლებთან თქვენ დაკავშირებული იქნებით. აღნიშნულ კომპანიებთან დაკავშირება შეგიძლიათ თქვენი პროფილიდანაც: ბლოკში \\&quot;სერვისის მომწოდებლები\\&quot; ღილაკზე \\&quot;სერვისის მომწოდებლის დამატება\\&quot; დაჭერით.&quot;}\" data-sheets-userformat=\"{&quot;2&quot;:5033,&quot;3&quot;:{&quot;1&quot;:0},&quot;6&quot;:{&quot;1&quot;:[{&quot;1&quot;:2,&quot;2&quot;:0,&quot;5&quot;:[null,2,0]},{&quot;1&quot;:0,&quot;2&quot;:0,&quot;3&quot;:3},{&quot;1&quot;:1,&quot;2&quot;:0,&quot;4&quot;:1}]},&quot;8&quot;:{&quot;1&quot;:[{&quot;1&quot;:2,&quot;2&quot;:0,&quot;5&quot;:[null,2,0]},{&quot;1&quot;:0,&quot;2&quot;:0,&quot;3&quot;:3},{&quot;1&quot;:1,&quot;2&quot;:0,&quot;4&quot;:1}]},&quot;10&quot;:1,&quot;11&quot;:4,&quot;12&quot;:0,&quot;15&quot;:&quot;arial,sans,sans-serif&quot;}\">EKIMO-ს ჰყავს პარტნიორი კომპანიები სამედიცინო, სადაზღვევო და სააფთიაქო მიმართულებით. ყველა პარტნიორი კომპანია EKIMO-ს მომხმარებლებისთვის სერვისის მომწოდებელია. აპლიკაციაში დარეგისტრირების შემდეგ, პროფილში პირადი ნომრის შევსების შემთხვევაში, თქვენი პირადი მონაცემები ავტომატურად გადამოწმდება EKIMO-ს სერვისის მომწოდებლებთან. სადაც თქვენი პირადი მონაცემები იქნება ნაპოვნი, იმ მომწოდებლებთან თქვენ დაკავშირებული იქნებით. აღნიშნულ კომპანიებთან დაკავშირება შეგიძლიათ თქვენი პროფილიდანაც: ბლოკში \"სერვისის მომწოდებლები\" ღილაკზე \"სერვისის მომწოდებლის დამატება\" დაჭერით.</span></p>', '2019-06-26 06:40:27', '2019-06-26 06:40:27');
INSERT INTO `faq_languages` (`id`, `faq_id`, `language`, `title`, `description`, `created_at`, `updated_at`) VALUES ('17', '9', 'ge', 'რას მივიღებ სერვისის მომწოდებელთან დაკავშირებით?', '<p><span data-sheets-value=\"{\" data-sheets-userformat=\"{\">სერვისის მომწოდებელთან დაკავშირების შედეგად, თქვენ შეძლებთ ელექტრონულად მიიღოთ მონაცემები, რომლებსაც აქამდე ფურცელზე იღებდით.&nbsp;<br /><br />სამედიცინო სერვისის მომწოდებლებისგან მიიღებთ დანიშნულებას, რომელიც შედგება დასმული დიაგნოზების, რეკომენდაციების, სამედიცინო სერვისზე მიმართვებისა და დანიშნული მედიკამენტებისგან.&nbsp;<br /><br />ზემოთ ხსენებულ დანიშნულებას სადაზღვევო მომწოდებლებისგანაც მიიღებთ, თუ მას ოჯახის ექიმი გამოგიწერთ.&nbsp;<br /><br /></span><span data-sheets-value=\"{\" data-sheets-userformat=\"{\">გარდა ამისა, სადაზღვევოებისგან მიიღებთ საგარანტიო წერილებს სამედიცინო სერვისებსა და დანიშნულ მედიკამენტებზე. სერვისის საგარანტიოს გამოყენებას EKIMO-დან სხვადასხვა სპეციალისტების დაჯავშნისას შეძლებთ, რაც საშუალებას მოგცემთ აპლიკაციიდანვე ფასდაკლებული თანხა გადაიხადოთ.&nbsp;<br /><br />სადაზღვევო კომპანიები ასევე მოგაწოდებენ თქვენი სადაზღვევო პოლისის ბარათის ინფოს, რომელიც EKIMO-ში გამოგიჩნდებათ.&nbsp;<br /><br />სააფთიაქო სერვისის მომწოდებლები, დაკავშირების შემდეგ, მოგაწვდიან ლოიალობის ბარათების ინფორმაციას და მათზე დაგროვებულ ქულებს.</span></p>', '2019-06-26 06:40:57', '2019-07-11 13:46:37');
INSERT INTO `faq_languages` (`id`, `faq_id`, `language`, `title`, `description`, `created_at`, `updated_at`) VALUES ('18', '9', 'en', 'რას მივიღებ სერვისის მომწოდებელთან დაკავშირებით?', '<p><span data-sheets-value=\"{&quot;1&quot;:2,&quot;2&quot;:&quot;სერვისის მომწოდებელთან დაკავშირების შედეგად, თქვენ შეძლებთ ელექტრონულად მიიღოთ მონაცემები, რომლებსაც აქამდე ფურცელზე იღებდით. \\n\\nსამედიცინო სერვისის მომწოდებლებისგან მიიღებთ დანიშნულებას, რომელიც შედგება დასმული დიაგნოზების, რეკომენდაციების, სამედიცინო სერვისზე მიმართვებისა და დანიშნული მედიკამენტებისგან.\\n\\nზემოთ ხსენებულ დანიშნულებას სადაზღვევო მომწოდებლებისგანაც მიიღებთ (თუ მას ოჯახის ექიმი გამოგიწერთ). გარდა ამისა, სადაზღვევოებისგან მიიღებთ საგარანტიო წერილებს სამედიცინო სერვისებსა და დანიშნულ მედიკამენტებზე. სერვისის საგარანტიოს გამოყენებას EKIMO-დან სხვადასხვა სპეციალისტების დაჯავშნისას შეძლებთ, რაც საშუალებას მოგცემთ აპლიკაციიდანვე ფასდაკლებული თანხა გადაიხადოთ. სადაზღვევო კომპანიები ასევე მოგაწოდებენ თქვენი სადაზღვევო პოლისის ბარათის ინფოს, რომელიც EKIMO-ში გამოგიჩნდებათ.\\n\\nსააფთიაქო სერვისის მომწოდებლები, დაკავშირების შემდეგ, მოგაწვდიან ლოიალობის ბარათების ინფორმაციას და მათზე დაგროვებულ ქულებს.&quot;}\" data-sheets-userformat=\"{&quot;2&quot;:5033,&quot;3&quot;:{&quot;1&quot;:0},&quot;6&quot;:{&quot;1&quot;:[{&quot;1&quot;:2,&quot;2&quot;:0,&quot;5&quot;:[null,2,0]},{&quot;1&quot;:0,&quot;2&quot;:0,&quot;3&quot;:3},{&quot;1&quot;:1,&quot;2&quot;:0,&quot;4&quot;:1}]},&quot;8&quot;:{&quot;1&quot;:[{&quot;1&quot;:2,&quot;2&quot;:0,&quot;5&quot;:[null,2,0]},{&quot;1&quot;:0,&quot;2&quot;:0,&quot;3&quot;:3},{&quot;1&quot;:1,&quot;2&quot;:0,&quot;4&quot;:1}]},&quot;10&quot;:1,&quot;11&quot;:4,&quot;12&quot;:0,&quot;15&quot;:&quot;arial,sans,sans-serif&quot;}\">სერვისის მომწოდებელთან დაკავშირების შედეგად, თქვენ შეძლებთ ელექტრონულად მიიღოთ მონაცემები, რომლებსაც აქამდე ფურცელზე იღებდით. <br /><br />სამედიცინო სერვისის მომწოდებლებისგან მიიღებთ დანიშნულებას, რომელიც შედგება დასმული დიაგნოზების, რეკომენდაციების, სამედიცინო სერვისზე მიმართვებისა და დანიშნული მედიკამენტებისგან.<br /><br />ზემოთ ხსენებულ დანიშნულებას სადაზღვევო მომწოდებლებისგანაც მიიღებთ (თუ მას ოჯახის ექიმი გამოგიწერთ). გარდა ამისა, სადაზღვევოებისგან მიიღებთ საგარანტიო წერილებს სამედიცინო სერვისებსა და დანიშნულ მედიკამენტებზე. სერვისის საგარანტიოს გამოყენებას EKIMO-დან სხვადასხვა სპეციალისტების დაჯავშნისას შეძლებთ, რაც საშუალებას მოგცემთ აპლიკაციიდანვე ფასდაკლებული თანხა გადაიხადოთ. სადაზღვევო კომპანიები ასევე მოგაწოდებენ თქვენი სადაზღვევო პოლისის ბარათის ინფოს, რომელიც EKIMO-ში გამოგიჩნდებათ.<br /><br />სააფთიაქო სერვისის მომწოდებლები, დაკავშირების შემდეგ, მოგაწვდიან ლოიალობის ბარათების ინფორმაციას და მათზე დაგროვებულ ქულებს.</span></p>', '2019-06-26 06:40:57', '2019-06-26 06:40:57');
INSERT INTO `faq_languages` (`id`, `faq_id`, `language`, `title`, `description`, `created_at`, `updated_at`) VALUES ('19', '10', 'ge', 'შემიძლია სერვისის მომწოდებელთან კავშირი გავწყვიტო?', '<p><span data-sheets-value=\"{&quot;1&quot;:2,&quot;2&quot;:&quot;სერვისის მომწოდებლებთან კავშირის გაწყვეტა ნებისმიერ დროს შეგიძლიათ. ამ შემთხვევაში, თქვენ აღარ მიიღებთ მათთან დაკავშირების ბენეფიტებს. ასევე, სერვისის მომწოდებლის ტიპისგან გამომდინარე, მათგან წარსულში მიღებული ელექტრონული დოკუმენტი (საგარანტიო, პოლისის ბარათი ან ლოიალობის ბარათი) წაიშლება თქვენ ანგარიშიდან.&quot;}\" data-sheets-userformat=\"{&quot;2&quot;:5033,&quot;3&quot;:{&quot;1&quot;:0},&quot;6&quot;:{&quot;1&quot;:[{&quot;1&quot;:2,&quot;2&quot;:0,&quot;5&quot;:[null,2,0]},{&quot;1&quot;:0,&quot;2&quot;:0,&quot;3&quot;:3},{&quot;1&quot;:1,&quot;2&quot;:0,&quot;4&quot;:2}]},&quot;8&quot;:{&quot;1&quot;:[{&quot;1&quot;:2,&quot;2&quot;:0,&quot;5&quot;:[null,2,0]},{&quot;1&quot;:0,&quot;2&quot;:0,&quot;3&quot;:3},{&quot;1&quot;:1,&quot;2&quot;:0,&quot;4&quot;:1}]},&quot;10&quot;:1,&quot;11&quot;:4,&quot;12&quot;:0,&quot;15&quot;:&quot;arial,sans,sans-serif&quot;}\">სერვისის მომწოდებლებთან კავშირის გაწყვეტა ნებისმიერ დროს შეგიძლიათ. ამ შემთხვევაში, თქვენ აღარ მიიღებთ მათთან დაკავშირების ბენეფიტებს. ასევე, სერვისის მომწოდებლის ტიპისგან გამომდინარე, მათგან წარსულში მიღებული ელექტრონული დოკუმენტი (საგარანტიო, პოლისის ბარათი ან ლოიალობის ბარათი) წაიშლება თქვენ ანგარიშიდან.</span></p>', '2019-06-26 06:42:47', '2019-06-26 06:42:47');
INSERT INTO `faq_languages` (`id`, `faq_id`, `language`, `title`, `description`, `created_at`, `updated_at`) VALUES ('20', '10', 'en', 'შემიძლია სერვისის მომწოდებელთან კავშირი გავწყვიტო?', '<p><span data-sheets-value=\"{&quot;1&quot;:2,&quot;2&quot;:&quot;სერვისის მომწოდებლებთან კავშირის გაწყვეტა ნებისმიერ დროს შეგიძლიათ. ამ შემთხვევაში, თქვენ აღარ მიიღებთ მათთან დაკავშირების ბენეფიტებს. ასევე, სერვისის მომწოდებლის ტიპისგან გამომდინარე, მათგან წარსულში მიღებული ელექტრონული დოკუმენტი (საგარანტიო, პოლისის ბარათი ან ლოიალობის ბარათი) წაიშლება თქვენ ანგარიშიდან.&quot;}\" data-sheets-userformat=\"{&quot;2&quot;:5033,&quot;3&quot;:{&quot;1&quot;:0},&quot;6&quot;:{&quot;1&quot;:[{&quot;1&quot;:2,&quot;2&quot;:0,&quot;5&quot;:[null,2,0]},{&quot;1&quot;:0,&quot;2&quot;:0,&quot;3&quot;:3},{&quot;1&quot;:1,&quot;2&quot;:0,&quot;4&quot;:2}]},&quot;8&quot;:{&quot;1&quot;:[{&quot;1&quot;:2,&quot;2&quot;:0,&quot;5&quot;:[null,2,0]},{&quot;1&quot;:0,&quot;2&quot;:0,&quot;3&quot;:3},{&quot;1&quot;:1,&quot;2&quot;:0,&quot;4&quot;:1}]},&quot;10&quot;:1,&quot;11&quot;:4,&quot;12&quot;:0,&quot;15&quot;:&quot;arial,sans,sans-serif&quot;}\">სერვისის მომწოდებლებთან კავშირის გაწყვეტა ნებისმიერ დროს შეგიძლიათ. ამ შემთხვევაში, თქვენ აღარ მიიღებთ მათთან დაკავშირების ბენეფიტებს. ასევე, სერვისის მომწოდებლის ტიპისგან გამომდინარე, მათგან წარსულში მიღებული ელექტრონული დოკუმენტი (საგარანტიო, პოლისის ბარათი ან ლოიალობის ბარათი) წაიშლება თქვენ ანგარიშიდან.</span></p>', '2019-06-26 06:42:47', '2019-06-26 06:42:47');
INSERT INTO `faq_languages` (`id`, `faq_id`, `language`, `title`, `description`, `created_at`, `updated_at`) VALUES ('21', '11', 'ge', 'როგორ დავათვალიერო ჩემი პროფილი?', '<p><span data-sheets-value=\"{&quot;1&quot;:2,&quot;2&quot;:&quot;თქვენი პროფილის დათვალიერება შეგიძლიათ აპლიკაციაში გვერდით არსებული მენიუს გახსნით და თქვენი სახელისა და გვარის ქვემოთ \\&quot;პროფილის ნახვაზე\\&quot; დაჭერით. პროფილში შეგიძლიათ ნახოთ და შეცვალოთ თქვენი პირადი და საკონტაქტო ინფორმაცია, დაამატოთ თქვენი ძირითადი სამედიცინო მაჩვენებელები (სიმაღლე, წონა, სისხლის ჯგუფი, ალერგიები) და საგანგებო საკონტაქტო პირის მონაცემები. პროფილშივე შეძლებთ თქვენი ანგარიშის პაროლის შეცვლას.&quot;}\" data-sheets-userformat=\"{&quot;2&quot;:5033,&quot;3&quot;:{&quot;1&quot;:0},&quot;6&quot;:{&quot;1&quot;:[{&quot;1&quot;:2,&quot;2&quot;:0,&quot;5&quot;:[null,2,0]},{&quot;1&quot;:0,&quot;2&quot;:0,&quot;3&quot;:3},{&quot;1&quot;:1,&quot;2&quot;:0,&quot;4&quot;:1}]},&quot;8&quot;:{&quot;1&quot;:[{&quot;1&quot;:2,&quot;2&quot;:0,&quot;5&quot;:[null,2,0]},{&quot;1&quot;:0,&quot;2&quot;:0,&quot;3&quot;:3},{&quot;1&quot;:1,&quot;2&quot;:0,&quot;4&quot;:1}]},&quot;10&quot;:1,&quot;11&quot;:4,&quot;12&quot;:0,&quot;15&quot;:&quot;arial,sans,sans-serif&quot;}\">თქვენი პროფილის დათვალიერება შეგიძლიათ აპლიკაციაში გვერდით არსებული მენიუს გახსნით და თქვენი სახელისა და გვარის ქვემოთ \"პროფილის ნახვაზე\" დაჭერით. პროფილში შეგიძლიათ ნახოთ და შეცვალოთ თქვენი პირადი და საკონტაქტო ინფორმაცია, დაამატოთ თქვენი ძირითადი სამედიცინო მაჩვენებელები (სიმაღლე, წონა, სისხლის ჯგუფი, ალერგიები) და საგანგებო საკონტაქტო პირის მონაცემები. პროფილშივე შეძლებთ თქვენი ანგარიშის პაროლის შეცვლას.</span></p>', '2019-06-26 07:11:02', '2019-06-26 07:11:02');
INSERT INTO `faq_languages` (`id`, `faq_id`, `language`, `title`, `description`, `created_at`, `updated_at`) VALUES ('22', '11', 'en', 'როგორ დავათვალიერო ჩემი პროფილი?', '<p><span data-sheets-value=\"{&quot;1&quot;:2,&quot;2&quot;:&quot;თქვენი პროფილის დათვალიერება შეგიძლიათ აპლიკაციაში გვერდით არსებული მენიუს გახსნით და თქვენი სახელისა და გვარის ქვემოთ \\&quot;პროფილის ნახვაზე\\&quot; დაჭერით. პროფილში შეგიძლიათ ნახოთ და შეცვალოთ თქვენი პირადი და საკონტაქტო ინფორმაცია, დაამატოთ თქვენი ძირითადი სამედიცინო მაჩვენებელები (სიმაღლე, წონა, სისხლის ჯგუფი, ალერგიები) და საგანგებო საკონტაქტო პირის მონაცემები. პროფილშივე შეძლებთ თქვენი ანგარიშის პაროლის შეცვლას.&quot;}\" data-sheets-userformat=\"{&quot;2&quot;:5033,&quot;3&quot;:{&quot;1&quot;:0},&quot;6&quot;:{&quot;1&quot;:[{&quot;1&quot;:2,&quot;2&quot;:0,&quot;5&quot;:[null,2,0]},{&quot;1&quot;:0,&quot;2&quot;:0,&quot;3&quot;:3},{&quot;1&quot;:1,&quot;2&quot;:0,&quot;4&quot;:1}]},&quot;8&quot;:{&quot;1&quot;:[{&quot;1&quot;:2,&quot;2&quot;:0,&quot;5&quot;:[null,2,0]},{&quot;1&quot;:0,&quot;2&quot;:0,&quot;3&quot;:3},{&quot;1&quot;:1,&quot;2&quot;:0,&quot;4&quot;:1}]},&quot;10&quot;:1,&quot;11&quot;:4,&quot;12&quot;:0,&quot;15&quot;:&quot;arial,sans,sans-serif&quot;}\">თქვენი პროფილის დათვალიერება შეგიძლიათ აპლიკაციაში გვერდით არსებული მენიუს გახსნით და თქვენი სახელისა და გვარის ქვემოთ \"პროფილის ნახვაზე\" დაჭერით. პროფილში შეგიძლიათ ნახოთ და შეცვალოთ თქვენი პირადი და საკონტაქტო ინფორმაცია, დაამატოთ თქვენი ძირითადი სამედიცინო მაჩვენებელები (სიმაღლე, წონა, სისხლის ჯგუფი, ალერგიები) და საგანგებო საკონტაქტო პირის მონაცემები. პროფილშივე შეძლებთ თქვენი ანგარიშის პაროლის შეცვლას.</span></p>', '2019-06-26 07:11:02', '2019-06-26 07:11:02');
INSERT INTO `faq_languages` (`id`, `faq_id`, `language`, `title`, `description`, `created_at`, `updated_at`) VALUES ('23', '12', 'ge', 'როგორ შევცვალო ჩემი პირადი მონაცემები?', '<p><span data-sheets-value=\"{&quot;1&quot;:2,&quot;2&quot;:&quot;პირადი მონაცემების შესაცვლელად, პროფილის გვერდზე, თქვენი სახელისა და გვარის ქვემოთ დააჭირეთ \\&quot;პირადი მონაცემების ცვლილებას\\&quot;. შედეგად, გადახვალთ თქვენი პირადი მონაცემების გვერდზე, სადაც შეცვლით თქვენს სახელს, გვარს და დაბადების თარიღს, დაამატებთ თქვენს პირად ნომერსა და სქესს, შეცვლით EKIMO-ს მომხმარებლის სახელს.&quot;}\" data-sheets-userformat=\"{&quot;2&quot;:5033,&quot;3&quot;:{&quot;1&quot;:0},&quot;6&quot;:{&quot;1&quot;:[{&quot;1&quot;:2,&quot;2&quot;:0,&quot;5&quot;:[null,2,0]},{&quot;1&quot;:0,&quot;2&quot;:0,&quot;3&quot;:3},{&quot;1&quot;:1,&quot;2&quot;:0,&quot;4&quot;:1}]},&quot;8&quot;:{&quot;1&quot;:[{&quot;1&quot;:2,&quot;2&quot;:0,&quot;5&quot;:[null,2,0]},{&quot;1&quot;:0,&quot;2&quot;:0,&quot;3&quot;:3},{&quot;1&quot;:1,&quot;2&quot;:0,&quot;4&quot;:1}]},&quot;10&quot;:1,&quot;11&quot;:4,&quot;12&quot;:0,&quot;15&quot;:&quot;arial,sans,sans-serif&quot;}\">პირადი მონაცემების შესაცვლელად, პროფილის გვერდზე, თქვენი სახელისა და გვარის ქვემოთ დააჭირეთ \"პირადი მონაცემების ცვლილებას\". შედეგად, გადახვალთ თქვენი პირადი მონაცემების გვერდზე, სადაც შეცვლით თქვენს სახელს, გვარს და დაბადების თარიღს, დაამატებთ თქვენს პირად ნომერსა და სქესს, შეცვლით EKIMO-ს მომხმარებლის სახელს.</span></p>', '2019-06-26 07:11:18', '2019-06-26 07:11:18');
INSERT INTO `faq_languages` (`id`, `faq_id`, `language`, `title`, `description`, `created_at`, `updated_at`) VALUES ('24', '12', 'en', 'როგორ შევცვალო ჩემი პირადი მონაცემები?', '<p><span data-sheets-value=\"{&quot;1&quot;:2,&quot;2&quot;:&quot;პირადი მონაცემების შესაცვლელად, პროფილის გვერდზე, თქვენი სახელისა და გვარის ქვემოთ დააჭირეთ \\&quot;პირადი მონაცემების ცვლილებას\\&quot;. შედეგად, გადახვალთ თქვენი პირადი მონაცემების გვერდზე, სადაც შეცვლით თქვენს სახელს, გვარს და დაბადების თარიღს, დაამატებთ თქვენს პირად ნომერსა და სქესს, შეცვლით EKIMO-ს მომხმარებლის სახელს.&quot;}\" data-sheets-userformat=\"{&quot;2&quot;:5033,&quot;3&quot;:{&quot;1&quot;:0},&quot;6&quot;:{&quot;1&quot;:[{&quot;1&quot;:2,&quot;2&quot;:0,&quot;5&quot;:[null,2,0]},{&quot;1&quot;:0,&quot;2&quot;:0,&quot;3&quot;:3},{&quot;1&quot;:1,&quot;2&quot;:0,&quot;4&quot;:1}]},&quot;8&quot;:{&quot;1&quot;:[{&quot;1&quot;:2,&quot;2&quot;:0,&quot;5&quot;:[null,2,0]},{&quot;1&quot;:0,&quot;2&quot;:0,&quot;3&quot;:3},{&quot;1&quot;:1,&quot;2&quot;:0,&quot;4&quot;:1}]},&quot;10&quot;:1,&quot;11&quot;:4,&quot;12&quot;:0,&quot;15&quot;:&quot;arial,sans,sans-serif&quot;}\">პირადი მონაცემების შესაცვლელად, პროფილის გვერდზე, თქვენი სახელისა და გვარის ქვემოთ დააჭირეთ \"პირადი მონაცემების ცვლილებას\". შედეგად, გადახვალთ თქვენი პირადი მონაცემების გვერდზე, სადაც შეცვლით თქვენს სახელს, გვარს და დაბადების თარიღს, დაამატებთ თქვენს პირად ნომერსა და სქესს, შეცვლით EKIMO-ს მომხმარებლის სახელს.</span></p>', '2019-06-26 07:11:18', '2019-06-26 07:11:18');
INSERT INTO `faq_languages` (`id`, `faq_id`, `language`, `title`, `description`, `created_at`, `updated_at`) VALUES ('25', '13', 'ge', 'როგორ შევცვალო ჩემი საკონტაქტო ინფორმაცია?', '<p><span data-sheets-value=\"{&quot;1&quot;:2,&quot;2&quot;:&quot;რეგისტრაციის დროს მითითებული საკონტაქტო ინფორმაციის (მობ. ნომერი და ელ. ფოსტა) შეცვლა შეგიძლიათ თქვენი საკონტაქტო ინფორმაციის გვერდზე, რომელიც ხელმისაწვდომია თქვენს პროფილში. აქვე შეძლებთ თქვენი საცხოვრებელი მისამართის შევსებას.&quot;}\" data-sheets-userformat=\"{&quot;2&quot;:5033,&quot;3&quot;:{&quot;1&quot;:0},&quot;6&quot;:{&quot;1&quot;:[{&quot;1&quot;:2,&quot;2&quot;:0,&quot;5&quot;:[null,2,0]},{&quot;1&quot;:0,&quot;2&quot;:0,&quot;3&quot;:3},{&quot;1&quot;:1,&quot;2&quot;:0,&quot;4&quot;:1}]},&quot;8&quot;:{&quot;1&quot;:[{&quot;1&quot;:2,&quot;2&quot;:0,&quot;5&quot;:[null,2,0]},{&quot;1&quot;:0,&quot;2&quot;:0,&quot;3&quot;:3},{&quot;1&quot;:1,&quot;2&quot;:0,&quot;4&quot;:1}]},&quot;10&quot;:1,&quot;11&quot;:4,&quot;12&quot;:0,&quot;15&quot;:&quot;arial,sans,sans-serif&quot;}\">რეგისტრაციის დროს მითითებული საკონტაქტო ინფორმაციის (მობ. ნომერი და ელ. ფოსტა) შეცვლა შეგიძლიათ თქვენი საკონტაქტო ინფორმაციის გვერდზე, რომელიც ხელმისაწვდომია თქვენს პროფილში. აქვე შეძლებთ თქვენი საცხოვრებელი მისამართის შევსებას.</span></p>', '2019-06-26 07:11:34', '2019-06-26 07:11:34');
INSERT INTO `faq_languages` (`id`, `faq_id`, `language`, `title`, `description`, `created_at`, `updated_at`) VALUES ('26', '13', 'en', 'როგორ შევცვალო ჩემი საკონტაქტო ინფორმაცია?', '<p><span data-sheets-value=\"{&quot;1&quot;:2,&quot;2&quot;:&quot;რეგისტრაციის დროს მითითებული საკონტაქტო ინფორმაციის (მობ. ნომერი და ელ. ფოსტა) შეცვლა შეგიძლიათ თქვენი საკონტაქტო ინფორმაციის გვერდზე, რომელიც ხელმისაწვდომია თქვენს პროფილში. აქვე შეძლებთ თქვენი საცხოვრებელი მისამართის შევსებას.&quot;}\" data-sheets-userformat=\"{&quot;2&quot;:5033,&quot;3&quot;:{&quot;1&quot;:0},&quot;6&quot;:{&quot;1&quot;:[{&quot;1&quot;:2,&quot;2&quot;:0,&quot;5&quot;:[null,2,0]},{&quot;1&quot;:0,&quot;2&quot;:0,&quot;3&quot;:3},{&quot;1&quot;:1,&quot;2&quot;:0,&quot;4&quot;:1}]},&quot;8&quot;:{&quot;1&quot;:[{&quot;1&quot;:2,&quot;2&quot;:0,&quot;5&quot;:[null,2,0]},{&quot;1&quot;:0,&quot;2&quot;:0,&quot;3&quot;:3},{&quot;1&quot;:1,&quot;2&quot;:0,&quot;4&quot;:1}]},&quot;10&quot;:1,&quot;11&quot;:4,&quot;12&quot;:0,&quot;15&quot;:&quot;arial,sans,sans-serif&quot;}\">რეგისტრაციის დროს მითითებული საკონტაქტო ინფორმაციის (მობ. ნომერი და ელ. ფოსტა) შეცვლა შეგიძლიათ თქვენი საკონტაქტო ინფორმაციის გვერდზე, რომელიც ხელმისაწვდომია თქვენს პროფილში. აქვე შეძლებთ თქვენი საცხოვრებელი მისამართის შევსებას.</span></p>', '2019-06-26 07:11:34', '2019-06-26 07:11:34');
INSERT INTO `faq_languages` (`id`, `faq_id`, `language`, `title`, `description`, `created_at`, `updated_at`) VALUES ('27', '14', 'ge', 'როგორ შევცვალო ჩემი ანგარიშის პაროლი?', '<p><span data-sheets-value=\"{\" data-sheets-userformat=\"{\">ანგარიშის პაროლის შესაცვლელად, ბლოკში \"ანგარიში\" საჭიროა დააჭიროთ ღილაკს \"პაროლის შეცვლა\". აუცილებელია დააფიქსიროთ თქვენი ძველი პაროლი და შეიყვანოთ ახალი.</span></p>', '2019-06-26 07:11:51', '2019-06-26 07:12:06');
INSERT INTO `faq_languages` (`id`, `faq_id`, `language`, `title`, `description`, `created_at`, `updated_at`) VALUES ('28', '14', 'en', 'როგორ შევცვალო ჩემი ანგარიშის პაროლი?', '<p><span data-sheets-value=\"{&quot;1&quot;:2,&quot;2&quot;:&quot;ანგარიშის პაროლის შესაცვლელად, ბლოკში \\&quot;ანგარიში\\&quot; საჭიროა დააჭიროთ ღილაკს \\&quot;პაროლის შეცვლა\\&quot;. აუცილებელია დააფიქსიროთ თქვენი ძველი პაროლი და შეიყვანოთ ახალი.&quot;}\" data-sheets-userformat=\"{&quot;2&quot;:5033,&quot;3&quot;:{&quot;1&quot;:0},&quot;6&quot;:{&quot;1&quot;:[{&quot;1&quot;:2,&quot;2&quot;:0,&quot;5&quot;:[null,2,0]},{&quot;1&quot;:0,&quot;2&quot;:0,&quot;3&quot;:3},{&quot;1&quot;:1,&quot;2&quot;:0,&quot;4&quot;:1}]},&quot;8&quot;:{&quot;1&quot;:[{&quot;1&quot;:2,&quot;2&quot;:0,&quot;5&quot;:[null,2,0]},{&quot;1&quot;:0,&quot;2&quot;:0,&quot;3&quot;:3},{&quot;1&quot;:1,&quot;2&quot;:0,&quot;4&quot;:1}]},&quot;10&quot;:1,&quot;11&quot;:4,&quot;12&quot;:0,&quot;15&quot;:&quot;arial,sans,sans-serif&quot;}\">ანგარიშის პაროლის შესაცვლელად, ბლოკში \"ანგარიში\" საჭიროა დააჭიროთ ღილაკს \"პაროლის შეცვლა\". აუცილებელია დააფიქსიროთ თქვენი ძველი პაროლი და შეიყვანოთ ახალი.</span></p>', '2019-06-26 07:11:51', '2019-06-26 07:11:51');
INSERT INTO `faq_languages` (`id`, `faq_id`, `language`, `title`, `description`, `created_at`, `updated_at`) VALUES ('29', '15', 'ge', 'სად შემიძლია ჩემი ჯავშნების ნახვა?', '<p><span data-sheets-value=\"{\" data-sheets-userformat=\"{\">თქვენი ჯავშნების ნახვა შეგიძლიათ გვერდით მენიუში, \"ჯავშნებზე\" დაჭერით. აქ დაგხვდებათ ყველა ჯავშანი, რაც ოდესმე გაგიკეთებიათ.</span></p>', '2019-06-26 08:36:31', '2019-06-26 08:40:56');
INSERT INTO `faq_languages` (`id`, `faq_id`, `language`, `title`, `description`, `created_at`, `updated_at`) VALUES ('30', '15', 'en', 'სად შემიძლია ვნახო ჩემი ჯავშნები?', '<p><span data-sheets-value=\"{&quot;1&quot;:2,&quot;2&quot;:&quot;თქვენი ჯავშნების ნახვა შეგიძლიათ გვერდით მენიუში, \\&quot;ჯავშნებზე\\&quot; დაჭერით. აქ დაგხვდებათ ყველა ჯავშანი, რაც ოდესმე გაგიკეთებიათ.&quot;}\" data-sheets-userformat=\"{&quot;2&quot;:5033,&quot;3&quot;:{&quot;1&quot;:0},&quot;6&quot;:{&quot;1&quot;:[{&quot;1&quot;:2,&quot;2&quot;:0,&quot;5&quot;:[null,2,0]},{&quot;1&quot;:0,&quot;2&quot;:0,&quot;3&quot;:3},{&quot;1&quot;:1,&quot;2&quot;:0,&quot;4&quot;:2}]},&quot;8&quot;:{&quot;1&quot;:[{&quot;1&quot;:2,&quot;2&quot;:0,&quot;5&quot;:[null,2,0]},{&quot;1&quot;:0,&quot;2&quot;:0,&quot;3&quot;:3},{&quot;1&quot;:1,&quot;2&quot;:0,&quot;4&quot;:1}]},&quot;10&quot;:1,&quot;11&quot;:4,&quot;12&quot;:0,&quot;15&quot;:&quot;arial,sans,sans-serif&quot;}\">თქვენი ჯავშნების ნახვა შეგიძლიათ გვერდით მენიუში, \"ჯავშნებზე\" დაჭერით. აქ დაგხვდებათ ყველა ჯავშანი, რაც ოდესმე გაგიკეთებიათ.</span></p>', '2019-06-26 08:36:31', '2019-06-26 08:36:31');
INSERT INTO `faq_languages` (`id`, `faq_id`, `language`, `title`, `description`, `created_at`, `updated_at`) VALUES ('31', '16', 'ge', 'როგორ დავამატო საბანკო ბარათი ჯავშნის საფასურის გადასახდელად?', '<p><span data-sheets-value=\"{&quot;1&quot;:2,&quot;2&quot;:&quot;საბანკო ბარათის დასამატებლად, უნდა შეხვიდეთ გვერდითა მენიუში და გადახვიდეთ \\&quot;გადახდების\\&quot; მოდულში. აქ დააჭერთ ღილაკს \\&quot;ბარათის დამატება\\&quot;, რომელიც გადახდის სისტემის გვერდზე გადაგიყვანთ. აღნიშნულ გვერდზე ბარათის მონაცემების შევსებითა და \\&quot;დამატებაზე\\&quot; დაჭერით, აპლიკაციაში თქვენს ანგარიშზე საბანკო ბარათი დაემატება. გაითვალისწინეთ, რომ ბარათის დამატებისას, მისი ვალიდურობის შემოწმების მიზნით, დროებით 5 თეთრი დაგებლოკებათ.&quot;}\" data-sheets-userformat=\"{&quot;2&quot;:955,&quot;3&quot;:{&quot;1&quot;:0},&quot;4&quot;:[null,2,16776960],&quot;6&quot;:{&quot;1&quot;:[{&quot;1&quot;:2,&quot;2&quot;:0,&quot;5&quot;:[null,2,0]},{&quot;1&quot;:0,&quot;2&quot;:0,&quot;3&quot;:3},{&quot;1&quot;:1,&quot;2&quot;:0,&quot;4&quot;:1}]},&quot;7&quot;:{&quot;1&quot;:[{&quot;1&quot;:2,&quot;2&quot;:0,&quot;5&quot;:[null,2,0]},{&quot;1&quot;:0,&quot;2&quot;:0,&quot;3&quot;:3},{&quot;1&quot;:1,&quot;2&quot;:0,&quot;4&quot;:1}]},&quot;8&quot;:{&quot;1&quot;:[{&quot;1&quot;:2,&quot;2&quot;:0,&quot;5&quot;:[null,2,0]},{&quot;1&quot;:0,&quot;2&quot;:0,&quot;3&quot;:3},{&quot;1&quot;:1,&quot;2&quot;:0,&quot;4&quot;:1}]},&quot;10&quot;:1,&quot;11&quot;:4,&quot;12&quot;:0}\">საბანკო ბარათის დასამატებლად, უნდა შეხვიდეთ გვერდითა მენიუში და გადახვიდეთ \"გადახდების\" მოდულში. აქ დააჭერთ ღილაკს \"ბარათის დამატება\", რომელიც გადახდის სისტემის გვერდზე გადაგიყვანთ. აღნიშნულ გვერდზე ბარათის მონაცემების შევსებითა და \"დამატებაზე\" დაჭერით, აპლიკაციაში თქვენს ანგარიშზე საბანკო ბარათი დაემატება. გაითვალისწინეთ, რომ ბარათის დამატებისას, მისი ვალიდურობის შემოწმების მიზნით, დროებით 5 თეთრი დაგებლოკებათ.</span></p>', '2019-06-26 08:36:46', '2019-06-26 08:36:46');
INSERT INTO `faq_languages` (`id`, `faq_id`, `language`, `title`, `description`, `created_at`, `updated_at`) VALUES ('32', '16', 'en', 'როგორ დავამატო საბანკო ბარათი ჯავშნის საფასურის გადასახდელად?', '<p><span data-sheets-value=\"{&quot;1&quot;:2,&quot;2&quot;:&quot;საბანკო ბარათის დასამატებლად, უნდა შეხვიდეთ გვერდითა მენიუში და გადახვიდეთ \\&quot;გადახდების\\&quot; მოდულში. აქ დააჭერთ ღილაკს \\&quot;ბარათის დამატება\\&quot;, რომელიც გადახდის სისტემის გვერდზე გადაგიყვანთ. აღნიშნულ გვერდზე ბარათის მონაცემების შევსებითა და \\&quot;დამატებაზე\\&quot; დაჭერით, აპლიკაციაში თქვენს ანგარიშზე საბანკო ბარათი დაემატება. გაითვალისწინეთ, რომ ბარათის დამატებისას, მისი ვალიდურობის შემოწმების მიზნით, დროებით 5 თეთრი დაგებლოკებათ.&quot;}\" data-sheets-userformat=\"{&quot;2&quot;:955,&quot;3&quot;:{&quot;1&quot;:0},&quot;4&quot;:[null,2,16776960],&quot;6&quot;:{&quot;1&quot;:[{&quot;1&quot;:2,&quot;2&quot;:0,&quot;5&quot;:[null,2,0]},{&quot;1&quot;:0,&quot;2&quot;:0,&quot;3&quot;:3},{&quot;1&quot;:1,&quot;2&quot;:0,&quot;4&quot;:1}]},&quot;7&quot;:{&quot;1&quot;:[{&quot;1&quot;:2,&quot;2&quot;:0,&quot;5&quot;:[null,2,0]},{&quot;1&quot;:0,&quot;2&quot;:0,&quot;3&quot;:3},{&quot;1&quot;:1,&quot;2&quot;:0,&quot;4&quot;:1}]},&quot;8&quot;:{&quot;1&quot;:[{&quot;1&quot;:2,&quot;2&quot;:0,&quot;5&quot;:[null,2,0]},{&quot;1&quot;:0,&quot;2&quot;:0,&quot;3&quot;:3},{&quot;1&quot;:1,&quot;2&quot;:0,&quot;4&quot;:1}]},&quot;10&quot;:1,&quot;11&quot;:4,&quot;12&quot;:0}\">საბანკო ბარათის დასამატებლად, უნდა შეხვიდეთ გვერდითა მენიუში და გადახვიდეთ \"გადახდების\" მოდულში. აქ დააჭერთ ღილაკს \"ბარათის დამატება\", რომელიც გადახდის სისტემის გვერდზე გადაგიყვანთ. აღნიშნულ გვერდზე ბარათის მონაცემების შევსებითა და \"დამატებაზე\" დაჭერით, აპლიკაციაში თქვენს ანგარიშზე საბანკო ბარათი დაემატება. გაითვალისწინეთ, რომ ბარათის დამატებისას, მისი ვალიდურობის შემოწმების მიზნით, დროებით 5 თეთრი დაგებლოკებათ.</span></p>', '2019-06-26 08:36:46', '2019-06-26 08:36:46');
INSERT INTO `faq_languages` (`id`, `faq_id`, `language`, `title`, `description`, `created_at`, `updated_at`) VALUES ('33', '17', 'ge', 'როგორ ითვლება ჯავშნის საფასური?', '<p><span data-sheets-value=\"{&quot;1&quot;:2,&quot;2&quot;:&quot;ჯავშნის საფასური სხვადასხვა კრიტერიუმის გათვალისწინებით ითვლება. პირველ ჯერზე, როცა თქვენ გადახდის გვერდზე გადახვალთ, მომსახურების საწყისი ფასი გამოგიჩნდებათ. თუ თქვენ დაკავშირებული ხართ სერვისის იმ მომწოდებელთან, რომლის ექიმსაც ჯავშნით, შესაძლოა, საწყის ფასში განმეორებითი ვიზიტის ფასდაკლება იყოს გათვალისწინებული. ფასის გადათვლა მოხდება მაშინაც, როდესაც გადახდის გვერდზე სადაზღვევო კომპანიის მიერ გამოწერილ საგარანტიო წერილს მონიშნავთ. ამ შემთხვევაში, საწყის თანხას გამოაკლდება ის თანხა, რომელსაც სადაზღვევო კომპანია გიფინანსებთ.&quot;}\" data-sheets-userformat=\"{&quot;2&quot;:955,&quot;3&quot;:{&quot;1&quot;:0},&quot;4&quot;:[null,2,16776960],&quot;6&quot;:{&quot;1&quot;:[{&quot;1&quot;:2,&quot;2&quot;:0,&quot;5&quot;:[null,2,0]},{&quot;1&quot;:0,&quot;2&quot;:0,&quot;3&quot;:3},{&quot;1&quot;:1,&quot;2&quot;:0,&quot;4&quot;:1}]},&quot;7&quot;:{&quot;1&quot;:[{&quot;1&quot;:2,&quot;2&quot;:0,&quot;5&quot;:[null,2,0]},{&quot;1&quot;:0,&quot;2&quot;:0,&quot;3&quot;:3},{&quot;1&quot;:1,&quot;2&quot;:0,&quot;4&quot;:1}]},&quot;8&quot;:{&quot;1&quot;:[{&quot;1&quot;:2,&quot;2&quot;:0,&quot;5&quot;:[null,2,0]},{&quot;1&quot;:0,&quot;2&quot;:0,&quot;3&quot;:3},{&quot;1&quot;:1,&quot;2&quot;:0,&quot;4&quot;:1}]},&quot;10&quot;:1,&quot;11&quot;:4,&quot;12&quot;:0}\">ჯავშნის საფასური სხვადასხვა კრიტერიუმის გათვალისწინებით ითვლება. პირველ ჯერზე, როცა თქვენ გადახდის გვერდზე გადახვალთ, მომსახურების საწყისი ფასი გამოგიჩნდებათ. თუ თქვენ დაკავშირებული ხართ სერვისის იმ მომწოდებელთან, რომლის ექიმსაც ჯავშნით, შესაძლოა, საწყის ფასში განმეორებითი ვიზიტის ფასდაკლება იყოს გათვალისწინებული. ფასის გადათვლა მოხდება მაშინაც, როდესაც გადახდის გვერდზე სადაზღვევო კომპანიის მიერ გამოწერილ საგარანტიო წერილს მონიშნავთ. ამ შემთხვევაში, საწყის თანხას გამოაკლდება ის თანხა, რომელსაც სადაზღვევო კომპანია გიფინანსებთ.</span></p>', '2019-06-26 08:37:02', '2019-06-26 08:37:02');
INSERT INTO `faq_languages` (`id`, `faq_id`, `language`, `title`, `description`, `created_at`, `updated_at`) VALUES ('34', '17', 'en', 'როგორ ითვლება ჯავშნის საფასური?', '<p><span data-sheets-value=\"{&quot;1&quot;:2,&quot;2&quot;:&quot;ჯავშნის საფასური სხვადასხვა კრიტერიუმის გათვალისწინებით ითვლება. პირველ ჯერზე, როცა თქვენ გადახდის გვერდზე გადახვალთ, მომსახურების საწყისი ფასი გამოგიჩნდებათ. თუ თქვენ დაკავშირებული ხართ სერვისის იმ მომწოდებელთან, რომლის ექიმსაც ჯავშნით, შესაძლოა, საწყის ფასში განმეორებითი ვიზიტის ფასდაკლება იყოს გათვალისწინებული. ფასის გადათვლა მოხდება მაშინაც, როდესაც გადახდის გვერდზე სადაზღვევო კომპანიის მიერ გამოწერილ საგარანტიო წერილს მონიშნავთ. ამ შემთხვევაში, საწყის თანხას გამოაკლდება ის თანხა, რომელსაც სადაზღვევო კომპანია გიფინანსებთ.&quot;}\" data-sheets-userformat=\"{&quot;2&quot;:955,&quot;3&quot;:{&quot;1&quot;:0},&quot;4&quot;:[null,2,16776960],&quot;6&quot;:{&quot;1&quot;:[{&quot;1&quot;:2,&quot;2&quot;:0,&quot;5&quot;:[null,2,0]},{&quot;1&quot;:0,&quot;2&quot;:0,&quot;3&quot;:3},{&quot;1&quot;:1,&quot;2&quot;:0,&quot;4&quot;:1}]},&quot;7&quot;:{&quot;1&quot;:[{&quot;1&quot;:2,&quot;2&quot;:0,&quot;5&quot;:[null,2,0]},{&quot;1&quot;:0,&quot;2&quot;:0,&quot;3&quot;:3},{&quot;1&quot;:1,&quot;2&quot;:0,&quot;4&quot;:1}]},&quot;8&quot;:{&quot;1&quot;:[{&quot;1&quot;:2,&quot;2&quot;:0,&quot;5&quot;:[null,2,0]},{&quot;1&quot;:0,&quot;2&quot;:0,&quot;3&quot;:3},{&quot;1&quot;:1,&quot;2&quot;:0,&quot;4&quot;:1}]},&quot;10&quot;:1,&quot;11&quot;:4,&quot;12&quot;:0}\">ჯავშნის საფასური სხვადასხვა კრიტერიუმის გათვალისწინებით ითვლება. პირველ ჯერზე, როცა თქვენ გადახდის გვერდზე გადახვალთ, მომსახურების საწყისი ფასი გამოგიჩნდებათ. თუ თქვენ დაკავშირებული ხართ სერვისის იმ მომწოდებელთან, რომლის ექიმსაც ჯავშნით, შესაძლოა, საწყის ფასში განმეორებითი ვიზიტის ფასდაკლება იყოს გათვალისწინებული. ფასის გადათვლა მოხდება მაშინაც, როდესაც გადახდის გვერდზე სადაზღვევო კომპანიის მიერ გამოწერილ საგარანტიო წერილს მონიშნავთ. ამ შემთხვევაში, საწყის თანხას გამოაკლდება ის თანხა, რომელსაც სადაზღვევო კომპანია გიფინანსებთ.</span></p>', '2019-06-26 08:37:02', '2019-06-26 08:37:02');
INSERT INTO `faq_languages` (`id`, `faq_id`, `language`, `title`, `description`, `created_at`, `updated_at`) VALUES ('35', '18', 'ge', 'რა შემთხვევაში შემიძლია დაზღვევის საგარანტიო წერილის გამოყენება?', '<p><span data-sheets-value=\"{\" data-sheets-userformat=\"{\">სადაზღვევო კომპანიისგან მიღებული საგარანტიო წერილი შეგიძლიათ გამოიყენოთ ფასიანი ჯავშნის საფასურის გადახდის დროს. ჯავშნის საფასურის გადახდის გვერდზე ჩანს ბლოკი \"აირჩიეთ საგარანტიო\", ამ ბლოკში ჩანს ისეთი საგარანტიო წერილები, რომლებიც შეესაბამება თქვენ მიერ არჩეული ექიმის სპეციალობასა და მის მიერ გაწეულ მომსახურებას. საგარანტიოს არჩევის შემდეგ, ხელახლა გამოანგარიშდება ფასი და თქვენ უკვე ფასდაკლებული თანხა გამოგიჩნდებათ.</span></p>', '2019-06-26 08:37:20', '2019-07-04 07:31:37');
INSERT INTO `faq_languages` (`id`, `faq_id`, `language`, `title`, `description`, `created_at`, `updated_at`) VALUES ('36', '18', 'en', 'რა შემთხვევაში შემიძლია გამოვიყენო დაზღვევის საგარანტიო წერილი?', '<p><span data-sheets-value=\"{&quot;1&quot;:2,&quot;2&quot;:&quot;სადაზღვევო კომპანიისგან მიღებული საგარანტიო წერილი შეგიძლიათ გამოიყენოთ ფასიანი ჯავშნის საფასურის გადახდის დროს. ჯავშნის საფასურის გადახდის გვერდზე ჩანს ბლოკი \\&quot;აირჩიეთ საგარანტიო\\&quot;, ამ ბლოკში ჩანს ისეთი საგარანტიო წერილები, რომლებიც შეესაბამება თქვენ მიერ არჩეული ექიმის სპეციალობასა და მის მიერ გაწეულ მომსახურებას. საგარანტიოს არჩევის შემდეგ, ხელახლა გამოანგარიშდება ფასი და თქვენ უკვე ფასდაკლებული თანხა გამოგიჩნდებათ.&quot;}\" data-sheets-userformat=\"{&quot;2&quot;:5033,&quot;3&quot;:{&quot;1&quot;:0},&quot;6&quot;:{&quot;1&quot;:[{&quot;1&quot;:2,&quot;2&quot;:0,&quot;5&quot;:[null,2,0]},{&quot;1&quot;:0,&quot;2&quot;:0,&quot;3&quot;:3},{&quot;1&quot;:1,&quot;2&quot;:0,&quot;4&quot;:1}]},&quot;8&quot;:{&quot;1&quot;:[{&quot;1&quot;:2,&quot;2&quot;:0,&quot;5&quot;:[null,2,0]},{&quot;1&quot;:0,&quot;2&quot;:0,&quot;3&quot;:3},{&quot;1&quot;:1,&quot;2&quot;:0,&quot;4&quot;:1}]},&quot;10&quot;:1,&quot;11&quot;:4,&quot;12&quot;:0,&quot;15&quot;:&quot;arial,sans,sans-serif&quot;}\">სადაზღვევო კომპანიისგან მიღებული საგარანტიო წერილი შეგიძლიათ გამოიყენოთ ფასიანი ჯავშნის საფასურის გადახდის დროს. ჯავშნის საფასურის გადახდის გვერდზე ჩანს ბლოკი \"აირჩიეთ საგარანტიო\", ამ ბლოკში ჩანს ისეთი საგარანტიო წერილები, რომლებიც შეესაბამება თქვენ მიერ არჩეული ექიმის სპეციალობასა და მის მიერ გაწეულ მომსახურებას. საგარანტიოს არჩევის შემდეგ, ხელახლა გამოანგარიშდება ფასი და თქვენ უკვე ფასდაკლებული თანხა გამოგიჩნდებათ.</span></p>', '2019-06-26 08:37:20', '2019-06-26 08:37:20');
INSERT INTO `faq_languages` (`id`, `faq_id`, `language`, `title`, `description`, `created_at`, `updated_at`) VALUES ('37', '19', 'ge', 'როგორ მივიღო საგარანტიო წერილი?', '<p><span data-sheets-value=\"{\" data-sheets-userformat=\"{\">EKIMO-ს ერთ-ერთი უპირატესობაა, რომ ის საშუალებას გაძლევთ, ექიმთან ვიზიტში პირდაპირ იმდენი გადაიხადოთ, რამდენიც თქვენი სადაზღვევო პოლისის მიხედვით გიწევთ. ანუ, აპლიკაცია, ფასის გამოთვლის დროს, სერვისის საფასურს ავტომატურად გამოაკლებს თანხას, რომელსაც სადაზღვევო კომპანია გინაზღაურებთ და თქვენ მხოლოდ თქვენი წილის გადახდა მოგიწევთ.<br /><br />ამისთვის, საჭიროა აპლიკაციაში მიიღოთ საგარანტიო წერილები. მათ მისაღებად, აპლიკაციაში დაკავშირებული უნდა იყოთ სერვისის იმ მომწოდებელთან, რომელიც საგარანტიო წერილებს გაწვდით (სადაზღვევო კომპანიები). თუ ასეთი სერვისის მომწოდებელთან დაკავშირებული ხართ, საგარანტიოს მიღების რამდენიმე გზა არსებობს:<br /><br />&bull; სადაზღვევო კომპანიის ოჯახის ექიმთან ვიზიტის შემდეგ, თქვენ ავტომატურად გამოგიჩნდებათ ის საგარანტიო წერილი, რომელსაც ის გამოგიწერთ.<br />&bull; სადაზღვევო კომპანიის ოჯახის ექიმთან ასევე შეგიძლიათ დაჯავშნოთ სატელეფონო კონსულტაცია EKIMO-დან. შედეგად, ის შეძლებს გამოგიწეროთ საგარანტიო წერილი თქვენი მოთხოვნისამებრ. ეს საგარანტიო წერილი გამოგიჩნდებათ EKIMO-ში.<br />&bull; საგარანტიოს მოთხოვნა ასევე შეგიძლიათ სადაზღვევო კომპანიის ქოლ-ცენტრში დარეკვით. თუ ქოლ-ცენტრმა დააკმაყოფილა თქვენი მოთხოვნა კონკრეტულ მომსახურებაზე საგარანტიოს გამოწერის შესახებ, ეს დოკუმენტი აპლიკაციაშიც გამოგიჩნდებათ.</span></p>', '2019-06-26 08:37:34', '2019-07-04 07:31:32');
INSERT INTO `faq_languages` (`id`, `faq_id`, `language`, `title`, `description`, `created_at`, `updated_at`) VALUES ('38', '19', 'en', 'როგორ მივიღო საგარანტიო წერილი EKIMO-ში?', '<p><span data-sheets-value=\"{&quot;1&quot;:2,&quot;2&quot;:&quot;EKIMO-ს ერთ-ერთი უპირატესობაა, რომ ის საშუალებას გაძლევთ, ექიმთან ვიზიტში პირდაპირ იმდენი გადაიხადოთ, რამდენიც თქვენი სადაზღვევო პოლისის მიხედვით გიწევთ. ანუ, აპლიკაცია, ფასის გამოთვლის დროს, სერვისის საფასურს ავტომატურად გამოაკლებს თანხას, რომელსაც სადაზღვევო კომპანია გინაზღაურებთ და თქვენ მხოლოდ თქვენი წილის გადახდა მოგიწევთ.\\n\\nამისთვის, საჭიროა აპლიკაციაში მიიღოთ საგარანტიო წერილები. მათ მისაღებად, აპლიკაციაში დაკავშირებული უნდა იყოთ სერვისის იმ მომწოდებელთან, რომელიც საგარანტიო წერილებს გაწვდით (სადაზღვევო კომპანიები). თუ ასეთი სერვისის მომწოდებელთან დაკავშირებული ხართ, საგარანტიოს მიღების რამდენიმე გზა არსებობს:\\n&bull; სადაზღვევო კომპანიის ოჯახის ექიმთან ვიზიტის შემდეგ, თქვენ ავტომატურად გამოგიჩნდებათ ის საგარანტიო წერილი, რომელსაც ის გამოგიწერთ.\\n&bull; სადაზღვევო კომპანიის ოჯახის ექიმთან ასევე შეგიძლიათ დაჯავშნოთ სატელეფონო კონსულტაცია EKIMO-დან. შედეგად, ის შეძლებს გამოგიწეროთ საგარანტიო წერილი თქვენი მოთხოვნისამებრ. ეს საგარანტიო წერილი გამოგიჩნდებათ EKIMO-ში.\\n&bull; საგარანტიოს მოთხოვნა ასევე შეგიძლიათ სადაზღვევო კომპანიის ქოლ-ცენტრში დარეკვით. თუ ქოლ-ცენტრმა დააკმაყოფილა თქვენი მოთხოვნა კონკრეტულ მომსახურებაზე საგარანტიოს გამოწერის შესახებ, ეს დოკუმენტი აპლიკაციაშიც გამოგიჩნდებათ.&quot;}\" data-sheets-userformat=\"{&quot;2&quot;:5039,&quot;3&quot;:{&quot;1&quot;:0},&quot;4&quot;:[null,2,16776960],&quot;5&quot;:{&quot;1&quot;:[{&quot;1&quot;:2,&quot;2&quot;:0,&quot;5&quot;:[null,2,0]},{&quot;1&quot;:0,&quot;2&quot;:0,&quot;3&quot;:3},{&quot;1&quot;:1,&quot;2&quot;:0,&quot;4&quot;:1}]},&quot;6&quot;:{&quot;1&quot;:[{&quot;1&quot;:2,&quot;2&quot;:0,&quot;5&quot;:[null,2,0]},{&quot;1&quot;:0,&quot;2&quot;:0,&quot;3&quot;:3},{&quot;1&quot;:1,&quot;2&quot;:0,&quot;4&quot;:1}]},&quot;8&quot;:{&quot;1&quot;:[{&quot;1&quot;:2,&quot;2&quot;:0,&quot;5&quot;:[null,2,0]},{&quot;1&quot;:0,&quot;2&quot;:0,&quot;3&quot;:3},{&quot;1&quot;:1,&quot;2&quot;:0,&quot;4&quot;:1}]},&quot;10&quot;:1,&quot;11&quot;:4,&quot;12&quot;:0,&quot;15&quot;:&quot;arial,sans,sans-serif&quot;}\">EKIMO-ს ერთ-ერთი უპირატესობაა, რომ ის საშუალებას გაძლევთ, ექიმთან ვიზიტში პირდაპირ იმდენი გადაიხადოთ, რამდენიც თქვენი სადაზღვევო პოლისის მიხედვით გიწევთ. ანუ, აპლიკაცია, ფასის გამოთვლის დროს, სერვისის საფასურს ავტომატურად გამოაკლებს თანხას, რომელსაც სადაზღვევო კომპანია გინაზღაურებთ და თქვენ მხოლოდ თქვენი წილის გადახდა მოგიწევთ.<br /><br />ამისთვის, საჭიროა აპლიკაციაში მიიღოთ საგარანტიო წერილები. მათ მისაღებად, აპლიკაციაში დაკავშირებული უნდა იყოთ სერვისის იმ მომწოდებელთან, რომელიც საგარანტიო წერილებს გაწვდით (სადაზღვევო კომპანიები). თუ ასეთი სერვისის მომწოდებელთან დაკავშირებული ხართ, საგარანტიოს მიღების რამდენიმე გზა არსებობს:<br />&bull; სადაზღვევო კომპანიის ოჯახის ექიმთან ვიზიტის შემდეგ, თქვენ ავტომატურად გამოგიჩნდებათ ის საგარანტიო წერილი, რომელსაც ის გამოგიწერთ.<br />&bull; სადაზღვევო კომპანიის ოჯახის ექიმთან ასევე შეგიძლიათ დაჯავშნოთ სატელეფონო კონსულტაცია EKIMO-დან. შედეგად, ის შეძლებს გამოგიწეროთ საგარანტიო წერილი თქვენი მოთხოვნისამებრ. ეს საგარანტიო წერილი გამოგიჩნდებათ EKIMO-ში.<br />&bull; საგარანტიოს მოთხოვნა ასევე შეგიძლიათ სადაზღვევო კომპანიის ქოლ-ცენტრში დარეკვით. თუ ქოლ-ცენტრმა დააკმაყოფილა თქვენი მოთხოვნა კონკრეტულ მომსახურებაზე საგარანტიოს გამოწერის შესახებ, ეს დოკუმენტი აპლიკაციაშიც გამოგიჩნდებათ.</span></p>', '2019-06-26 08:37:34', '2019-06-26 08:37:34');
INSERT INTO `faq_languages` (`id`, `faq_id`, `language`, `title`, `description`, `created_at`, `updated_at`) VALUES ('39', '20', 'ge', 'როგორ შევქმნა ჯავშანი?', '<p><span data-sheets-value=\"{\" data-sheets-userformat=\"{\">ჯავშნის შესაქმნელად, ექიმის მოძებნის შემდეგ, საჭიროა მისი განრიგის გვერდზე გადახვიდეთ. აქ თქვენ კონსულტაციისთვის სასურველ დროს მიუთითებთ. შესაბამისი დროის სლოტზე დაჭერის შემდეგ, გადახვალთ ჯავშნის საფასურის გადახდის გვერდზე (თუ კონსულტაცია ფასიანია), ან ჯავშნის დადასტურების გვერდზე (თუ კონსულტაცია უფასოა).</span></p>', '2019-06-26 08:37:53', '2019-06-26 08:38:31');
INSERT INTO `faq_languages` (`id`, `faq_id`, `language`, `title`, `description`, `created_at`, `updated_at`) VALUES ('40', '20', 'en', 'როგორ შევქმნა ჯავშანი?', '<p><span data-sheets-value=\"{&quot;1&quot;:2,&quot;2&quot;:&quot;ჯავშნის შესაქმნელად, ექიმის მოძებნის შემდეგ, საჭიროა მისი განრიგის გვერდზე გადახვიდეთ. აქ თქვენ კონსულტაციისთვის სასურველ დროს მიუთითებთ. შესაბამისი დროის სლოტზე დაჭერის შემდეგ, გადახვალთ ჯავშნის საფასურის გადახდის გვერდზე (თუ კონსულტაცია ფასიანია), ან ჯავშნის დადასტურების გვერდზე (თუ კონსულტაცია უფასოა).&quot;}\" data-sheets-userformat=\"{&quot;2&quot;:5033,&quot;3&quot;:{&quot;1&quot;:0},&quot;6&quot;:{&quot;1&quot;:[{&quot;1&quot;:2,&quot;2&quot;:0,&quot;5&quot;:[null,2,0]},{&quot;1&quot;:0,&quot;2&quot;:0,&quot;3&quot;:3},{&quot;1&quot;:1,&quot;2&quot;:0,&quot;4&quot;:1}]},&quot;8&quot;:{&quot;1&quot;:[{&quot;1&quot;:2,&quot;2&quot;:0,&quot;5&quot;:[null,2,0]},{&quot;1&quot;:0,&quot;2&quot;:0,&quot;3&quot;:3},{&quot;1&quot;:1,&quot;2&quot;:0,&quot;4&quot;:1}]},&quot;10&quot;:1,&quot;11&quot;:4,&quot;12&quot;:0,&quot;15&quot;:&quot;arial,sans,sans-serif&quot;}\">ჯავშნის შესაქმნელად, ექიმის მოძებნის შემდეგ, საჭიროა მისი განრიგის გვერდზე გადახვიდეთ. აქ თქვენ კონსულტაციისთვის სასურველ დროს მიუთითებთ. შესაბამისი დროის სლოტზე დაჭერის შემდეგ, გადახვალთ ჯავშნის საფასურის გადახდის გვერდზე (თუ კონსულტაცია ფასიანია), ან ჯავშნის დადასტურების გვერდზე (თუ კონსულტაცია უფასოა).</span></p>', '2019-06-26 08:37:53', '2019-06-26 08:37:53');
INSERT INTO `faq_languages` (`id`, `faq_id`, `language`, `title`, `description`, `created_at`, `updated_at`) VALUES ('41', '21', 'ge', 'როგორ მოვძებნო ექიმი?', '<p><span data-sheets-value=\"{&quot;1&quot;:2,&quot;2&quot;:&quot;EKIMO-ში ექიმის მოძებნა რამდენიმე გზით არის შესაძლებელი:\\n\\n&bull; აპლიკაციის მთავარ გვერდზე შეგიძლიათ აირჩიოთ თქვენთვის სასურველი სპეციალობა, შედეგად EKIMO მოძებნის ყველა ექიმს, რომელიც აღნიშნული სპეციალობით ეწევა სამედიცინო საქმიანობას.\\n\\n&bull; ექიმის მოძებნა ასევე შესაძლებელია აპლიკაციის მოდულიდან \\&quot;ექიმი\\&quot;. ამ მოდულის პირველ გვერდზე არსებულ ძებნის ველში შეგიძლიათ მიუთითოთ თქვენთვის სასურველი ექიმის სახელი და გვარი, სპეციალობა, სამუშაო ადგილი ან ქალაქი. EKIMO მოძებნის იმ ექიმებს, რომლებიც თქვენ მიერ შეყვანილი ძებნის კრიტერიუმებს ყველაზე მეტად ემთხვევა.\\n\\n&bull; EKIMO საშუალებას გაძლევთ ექიმის ძებნისთვის გამოიყენოთ უფრო დეტალური პარამეტრები. ამისთვის, მოდულში \\&quot;ექიმი\\&quot; უნდა გადახვიდეთ \\&quot;დეტალურ ძებნაზე\\&quot;, სადაც ჩამოთვლილია რამდენიმე სხვადასხვა კრიტერიუმი ექიმის მოსაძებნად. კრიტერიუმების არჩევის შემდეგ, EKIMO მოძებნის მხოლოდ ისეთ ექიმებს, რომლებიც თქვენ მიერ მითითებულ კრიტერიუმებს აკმაყოფილებენ.&quot;}\" data-sheets-userformat=\"{&quot;2&quot;:5033,&quot;3&quot;:{&quot;1&quot;:0},&quot;6&quot;:{&quot;1&quot;:[{&quot;1&quot;:2,&quot;2&quot;:0,&quot;5&quot;:[null,2,0]},{&quot;1&quot;:0,&quot;2&quot;:0,&quot;3&quot;:3},{&quot;1&quot;:1,&quot;2&quot;:0,&quot;4&quot;:1}]},&quot;8&quot;:{&quot;1&quot;:[{&quot;1&quot;:2,&quot;2&quot;:0,&quot;5&quot;:[null,2,0]},{&quot;1&quot;:0,&quot;2&quot;:0,&quot;3&quot;:3},{&quot;1&quot;:1,&quot;2&quot;:0,&quot;4&quot;:1}]},&quot;10&quot;:1,&quot;11&quot;:4,&quot;12&quot;:0,&quot;15&quot;:&quot;arial,sans,sans-serif&quot;}\">EKIMO-ში ექიმის მოძებნა რამდენიმე გზით არის შესაძლებელი:<br /><br />&bull; აპლიკაციის მთავარ გვერდზე შეგიძლიათ აირჩიოთ თქვენთვის სასურველი სპეციალობა, შედეგად EKIMO მოძებნის ყველა ექიმს, რომელიც აღნიშნული სპეციალობით ეწევა სამედიცინო საქმიანობას.<br /><br />&bull; ექიმის მოძებნა ასევე შესაძლებელია აპლიკაციის მოდულიდან \"ექიმი\". ამ მოდულის პირველ გვერდზე არსებულ ძებნის ველში შეგიძლიათ მიუთითოთ თქვენთვის სასურველი ექიმის სახელი და გვარი, სპეციალობა, სამუშაო ადგილი ან ქალაქი. EKIMO მოძებნის იმ ექიმებს, რომლებიც თქვენ მიერ შეყვანილი ძებნის კრიტერიუმებს ყველაზე მეტად ემთხვევა.<br /><br />&bull; EKIMO საშუალებას გაძლევთ ექიმის ძებნისთვის გამოიყენოთ უფრო დეტალური პარამეტრები. ამისთვის, მოდულში \"ექიმი\" უნდა გადახვიდეთ \"დეტალურ ძებნაზე\", სადაც ჩამოთვლილია რამდენიმე სხვადასხვა კრიტერიუმი ექიმის მოსაძებნად. კრიტერიუმების არჩევის შემდეგ, EKIMO მოძებნის მხოლოდ ისეთ ექიმებს, რომლებიც თქვენ მიერ მითითებულ კრიტერიუმებს აკმაყოფილებენ.</span></p>', '2019-06-26 08:39:06', '2019-06-26 08:39:06');
INSERT INTO `faq_languages` (`id`, `faq_id`, `language`, `title`, `description`, `created_at`, `updated_at`) VALUES ('42', '21', 'en', 'როგორ მოვძებნო ექიმი?', '<p><span data-sheets-value=\"{&quot;1&quot;:2,&quot;2&quot;:&quot;EKIMO-ში ექიმის მოძებნა რამდენიმე გზით არის შესაძლებელი:\\n\\n&bull; აპლიკაციის მთავარ გვერდზე შეგიძლიათ აირჩიოთ თქვენთვის სასურველი სპეციალობა, შედეგად EKIMO მოძებნის ყველა ექიმს, რომელიც აღნიშნული სპეციალობით ეწევა სამედიცინო საქმიანობას.\\n\\n&bull; ექიმის მოძებნა ასევე შესაძლებელია აპლიკაციის მოდულიდან \\&quot;ექიმი\\&quot;. ამ მოდულის პირველ გვერდზე არსებულ ძებნის ველში შეგიძლიათ მიუთითოთ თქვენთვის სასურველი ექიმის სახელი და გვარი, სპეციალობა, სამუშაო ადგილი ან ქალაქი. EKIMO მოძებნის იმ ექიმებს, რომლებიც თქვენ მიერ შეყვანილი ძებნის კრიტერიუმებს ყველაზე მეტად ემთხვევა.\\n\\n&bull; EKIMO საშუალებას გაძლევთ ექიმის ძებნისთვის გამოიყენოთ უფრო დეტალური პარამეტრები. ამისთვის, მოდულში \\&quot;ექიმი\\&quot; უნდა გადახვიდეთ \\&quot;დეტალურ ძებნაზე\\&quot;, სადაც ჩამოთვლილია რამდენიმე სხვადასხვა კრიტერიუმი ექიმის მოსაძებნად. კრიტერიუმების არჩევის შემდეგ, EKIMO მოძებნის მხოლოდ ისეთ ექიმებს, რომლებიც თქვენ მიერ მითითებულ კრიტერიუმებს აკმაყოფილებენ.&quot;}\" data-sheets-userformat=\"{&quot;2&quot;:5033,&quot;3&quot;:{&quot;1&quot;:0},&quot;6&quot;:{&quot;1&quot;:[{&quot;1&quot;:2,&quot;2&quot;:0,&quot;5&quot;:[null,2,0]},{&quot;1&quot;:0,&quot;2&quot;:0,&quot;3&quot;:3},{&quot;1&quot;:1,&quot;2&quot;:0,&quot;4&quot;:1}]},&quot;8&quot;:{&quot;1&quot;:[{&quot;1&quot;:2,&quot;2&quot;:0,&quot;5&quot;:[null,2,0]},{&quot;1&quot;:0,&quot;2&quot;:0,&quot;3&quot;:3},{&quot;1&quot;:1,&quot;2&quot;:0,&quot;4&quot;:1}]},&quot;10&quot;:1,&quot;11&quot;:4,&quot;12&quot;:0,&quot;15&quot;:&quot;arial,sans,sans-serif&quot;}\">EKIMO-ში ექიმის მოძებნა რამდენიმე გზით არის შესაძლებელი:<br /><br />&bull; აპლიკაციის მთავარ გვერდზე შეგიძლიათ აირჩიოთ თქვენთვის სასურველი სპეციალობა, შედეგად EKIMO მოძებნის ყველა ექიმს, რომელიც აღნიშნული სპეციალობით ეწევა სამედიცინო საქმიანობას.<br /><br />&bull; ექიმის მოძებნა ასევე შესაძლებელია აპლიკაციის მოდულიდან \"ექიმი\". ამ მოდულის პირველ გვერდზე არსებულ ძებნის ველში შეგიძლიათ მიუთითოთ თქვენთვის სასურველი ექიმის სახელი და გვარი, სპეციალობა, სამუშაო ადგილი ან ქალაქი. EKIMO მოძებნის იმ ექიმებს, რომლებიც თქვენ მიერ შეყვანილი ძებნის კრიტერიუმებს ყველაზე მეტად ემთხვევა.<br /><br />&bull; EKIMO საშუალებას გაძლევთ ექიმის ძებნისთვის გამოიყენოთ უფრო დეტალური პარამეტრები. ამისთვის, მოდულში \"ექიმი\" უნდა გადახვიდეთ \"დეტალურ ძებნაზე\", სადაც ჩამოთვლილია რამდენიმე სხვადასხვა კრიტერიუმი ექიმის მოსაძებნად. კრიტერიუმების არჩევის შემდეგ, EKIMO მოძებნის მხოლოდ ისეთ ექიმებს, რომლებიც თქვენ მიერ მითითებულ კრიტერიუმებს აკმაყოფილებენ.</span></p>', '2019-06-26 08:39:06', '2019-06-26 08:39:06');
INSERT INTO `faq_languages` (`id`, `faq_id`, `language`, `title`, `description`, `created_at`, `updated_at`) VALUES ('43', '22', 'ge', 'რას მიჩვენებს მედიკამენტის ძებნის შედეგები?', '<p><span data-sheets-value=\"{&quot;1&quot;:2,&quot;2&quot;:&quot;მედიკამენტის ძებნის შედეგებში გამოგიჩნდებათ ის აფთიაქები, სადაც სრულად ან ნაწილობრივ მოიძებნა თქვენ მიერ პაკეტში შეყვანილი მედიკამენტები. ძებნის შედეგებში ნახავთ თქვენი პაკეტის ღირებულებას და მანძილს მოძებნილ აფთიაქებამდე.&quot;}\" data-sheets-userformat=\"{&quot;2&quot;:5033,&quot;3&quot;:{&quot;1&quot;:0},&quot;6&quot;:{&quot;1&quot;:[{&quot;1&quot;:2,&quot;2&quot;:0,&quot;5&quot;:[null,2,0]},{&quot;1&quot;:0,&quot;2&quot;:0,&quot;3&quot;:3},{&quot;1&quot;:1,&quot;2&quot;:0,&quot;4&quot;:2}]},&quot;8&quot;:{&quot;1&quot;:[{&quot;1&quot;:2,&quot;2&quot;:0,&quot;5&quot;:[null,2,0]},{&quot;1&quot;:0,&quot;2&quot;:0,&quot;3&quot;:3},{&quot;1&quot;:1,&quot;2&quot;:0,&quot;4&quot;:1}]},&quot;10&quot;:1,&quot;11&quot;:4,&quot;12&quot;:0,&quot;15&quot;:&quot;arial,sans,sans-serif&quot;}\">მედიკამენტის ძებნის შედეგებში გამოგიჩნდებათ ის აფთიაქები, სადაც სრულად ან ნაწილობრივ მოიძებნა თქვენ მიერ პაკეტში შეყვანილი მედიკამენტები. ძებნის შედეგებში ნახავთ თქვენი პაკეტის ღირებულებას და მანძილს მოძებნილ აფთიაქებამდე.</span></p>', '2019-06-26 08:48:04', '2019-06-26 08:48:04');
INSERT INTO `faq_languages` (`id`, `faq_id`, `language`, `title`, `description`, `created_at`, `updated_at`) VALUES ('44', '22', 'en', 'რას მიჩვენებს მედიკამენტის ძებნის შედეგები?', '<p><span data-sheets-value=\"{&quot;1&quot;:2,&quot;2&quot;:&quot;მედიკამენტის ძებნის შედეგებში გამოგიჩნდებათ ის აფთიაქები, სადაც სრულად ან ნაწილობრივ მოიძებნა თქვენ მიერ პაკეტში შეყვანილი მედიკამენტები. ძებნის შედეგებში ნახავთ თქვენი პაკეტის ღირებულებას და მანძილს მოძებნილ აფთიაქებამდე.&quot;}\" data-sheets-userformat=\"{&quot;2&quot;:5033,&quot;3&quot;:{&quot;1&quot;:0},&quot;6&quot;:{&quot;1&quot;:[{&quot;1&quot;:2,&quot;2&quot;:0,&quot;5&quot;:[null,2,0]},{&quot;1&quot;:0,&quot;2&quot;:0,&quot;3&quot;:3},{&quot;1&quot;:1,&quot;2&quot;:0,&quot;4&quot;:2}]},&quot;8&quot;:{&quot;1&quot;:[{&quot;1&quot;:2,&quot;2&quot;:0,&quot;5&quot;:[null,2,0]},{&quot;1&quot;:0,&quot;2&quot;:0,&quot;3&quot;:3},{&quot;1&quot;:1,&quot;2&quot;:0,&quot;4&quot;:1}]},&quot;10&quot;:1,&quot;11&quot;:4,&quot;12&quot;:0,&quot;15&quot;:&quot;arial,sans,sans-serif&quot;}\">მედიკამენტის ძებნის შედეგებში გამოგიჩნდებათ ის აფთიაქები, სადაც სრულად ან ნაწილობრივ მოიძებნა თქვენ მიერ პაკეტში შეყვანილი მედიკამენტები. ძებნის შედეგებში ნახავთ თქვენი პაკეტის ღირებულებას და მანძილს მოძებნილ აფთიაქებამდე.</span></p>', '2019-06-26 08:48:04', '2019-06-26 08:48:04');
INSERT INTO `faq_languages` (`id`, `faq_id`, `language`, `title`, `description`, `created_at`, `updated_at`) VALUES ('45', '23', 'ge', 'როგორ დავამატო მედიკამენტი პაკეტში?', '<p><span data-sheets-value=\"{\" data-sheets-userformat=\"{\">მედიკამენტის დამატება პაკეტში ორნაირად შეგიძლიათ:&nbsp;<br /><br />&bull; აპლიკაციის მოდულში \"მედიკამენტები\" პირველ გვერდზე ძებნის ველში შეგიძლიათ მიუთითოთ სასურველი მედიკამენტის დასახელება. EKIMO მოძებნის ყველა მედიკამენტს, რომელიც თქვენ მიერ შეყვანილ დასახელებას შეესაბამება. მოძებნილი მედიკამენტები შეგიძლიათ დაამატოთ პაკეტში ღილაკ \"დამატებაზე\" დაჭერით.&nbsp;<br /><br />&bull; იმავე მოდულში შეგიძლიათ დააჭიროთ ღილაკს \"დანიშნულებიდან დამატება\". აქ გამოგიჩნდებათ ყველა ის მედიკამენტი, რომელიც EKIMO-ში მიღებულ დანიშნულებებში ფიქსირდება. სასურველი დანიშნული მედიკამენტები შეგიძლიათ დაამატოთ პაკეტში ღილაკ \"დამატებაზე\" დაჭერით.</span></p>', '2019-06-26 08:48:19', '2019-07-11 13:50:16');
INSERT INTO `faq_languages` (`id`, `faq_id`, `language`, `title`, `description`, `created_at`, `updated_at`) VALUES ('46', '23', 'en', 'როგორ დავამატო მედიკამენტი პაკეტში?', '<p><span data-sheets-value=\"{&quot;1&quot;:2,&quot;2&quot;:&quot;მედიკამენტის დამატება პაკეტში ორნაირად შეგიძლიათ:\\n\\n&bull; აპლიკაციის მოდულში \\&quot;მედიკამენტები\\&quot; პირველ გვერდზე ძებნის ველში შეგიძლიათ მიუთითოთ სასურველი მედიკამენტის დასახელება. EKIMO მოძებნის ყველა მედიკამენტს, რომელიც თქვენ მიერ შეყვანილ დასახელებას შეესაბამება. მოძებნილი მედიკამენტები შეგიძლიათ დაამატოთ პაკეტში ღილაკ \\&quot;დამატებაზე\\&quot; დაჭერით.\\n\\n&bull; იგივე მოდულში შეგიძლიათ დააჭიროთ ღილაკს \\&quot;დანიშნულებიდან დამატება\\&quot;. აქ გამოგიჩნდებათ ყველა ის მედიკამენტი, რომელიც EKIMO-ში მიღებულ დანიშნულებებში ფიქსირდება. სასურველი დანიშნული მედიკამენტები შეგიძლიათ დაამატოთ პაკეტში ღილაკ \\&quot;დამატებაზე\\&quot; დაჭერით.&quot;}\" data-sheets-userformat=\"{&quot;2&quot;:5033,&quot;3&quot;:{&quot;1&quot;:0},&quot;6&quot;:{&quot;1&quot;:[{&quot;1&quot;:2,&quot;2&quot;:0,&quot;5&quot;:[null,2,0]},{&quot;1&quot;:0,&quot;2&quot;:0,&quot;3&quot;:3},{&quot;1&quot;:1,&quot;2&quot;:0,&quot;4&quot;:1}]},&quot;8&quot;:{&quot;1&quot;:[{&quot;1&quot;:2,&quot;2&quot;:0,&quot;5&quot;:[null,2,0]},{&quot;1&quot;:0,&quot;2&quot;:0,&quot;3&quot;:3},{&quot;1&quot;:1,&quot;2&quot;:0,&quot;4&quot;:1}]},&quot;10&quot;:1,&quot;11&quot;:4,&quot;12&quot;:0,&quot;15&quot;:&quot;arial,sans,sans-serif&quot;}\">მედიკამენტის დამატება პაკეტში ორნაირად შეგიძლიათ:<br /><br />&bull; აპლიკაციის მოდულში \"მედიკამენტები\" პირველ გვერდზე ძებნის ველში შეგიძლიათ მიუთითოთ სასურველი მედიკამენტის დასახელება. EKIMO მოძებნის ყველა მედიკამენტს, რომელიც თქვენ მიერ შეყვანილ დასახელებას შეესაბამება. მოძებნილი მედიკამენტები შეგიძლიათ დაამატოთ პაკეტში ღილაკ \"დამატებაზე\" დაჭერით.<br /><br />&bull; იგივე მოდულში შეგიძლიათ დააჭიროთ ღილაკს \"დანიშნულებიდან დამატება\". აქ გამოგიჩნდებათ ყველა ის მედიკამენტი, რომელიც EKIMO-ში მიღებულ დანიშნულებებში ფიქსირდება. სასურველი დანიშნული მედიკამენტები შეგიძლიათ დაამატოთ პაკეტში ღილაკ \"დამატებაზე\" დაჭერით.</span></p>', '2019-06-26 08:48:19', '2019-06-26 08:48:19');
INSERT INTO `faq_languages` (`id`, `faq_id`, `language`, `title`, `description`, `created_at`, `updated_at`) VALUES ('47', '24', 'ge', 'რას ნიშნავს პაკეტური ძებნა?', '<p><span data-sheets-value=\"{&quot;1&quot;:2,&quot;2&quot;:&quot;მედიკამენტების პაკეტური ძებნისას თქვენ ირჩევთ მოსაძებნ მედიკამენტებს თქვენთვის სასურველი რაოდენობით და ამატებთ მათ პაკეტში. პაკეტის მოძებნის შემდეგ, EKIMO გაჩვენებთ ყველა აფთიაქს, რომელსაც თქვენს პაკეტში შემავალი მედიკამენტები აქვს შესაბამისი რაოდენობით. EKIMO ასევე გიჩვენებთ პაკეტის ჯამურ საფასურს მოძებნილ აფთიაქებში.&quot;}\" data-sheets-userformat=\"{&quot;2&quot;:5033,&quot;3&quot;:{&quot;1&quot;:0},&quot;6&quot;:{&quot;1&quot;:[{&quot;1&quot;:2,&quot;2&quot;:0,&quot;5&quot;:[null,2,0]},{&quot;1&quot;:0,&quot;2&quot;:0,&quot;3&quot;:3},{&quot;1&quot;:1,&quot;2&quot;:0,&quot;4&quot;:1}]},&quot;8&quot;:{&quot;1&quot;:[{&quot;1&quot;:2,&quot;2&quot;:0,&quot;5&quot;:[null,2,0]},{&quot;1&quot;:0,&quot;2&quot;:0,&quot;3&quot;:3},{&quot;1&quot;:1,&quot;2&quot;:0,&quot;4&quot;:1}]},&quot;10&quot;:1,&quot;11&quot;:4,&quot;12&quot;:0,&quot;15&quot;:&quot;arial,sans,sans-serif&quot;}\">მედიკამენტების პაკეტური ძებნისას თქვენ ირჩევთ მოსაძებნ მედიკამენტებს თქვენთვის სასურველი რაოდენობით და ამატებთ მათ პაკეტში. პაკეტის მოძებნის შემდეგ, EKIMO გაჩვენებთ ყველა აფთიაქს, რომელსაც თქვენს პაკეტში შემავალი მედიკამენტები აქვს შესაბამისი რაოდენობით. EKIMO ასევე გიჩვენებთ პაკეტის ჯამურ საფასურს მოძებნილ აფთიაქებში.</span></p>', '2019-06-26 08:48:32', '2019-06-26 08:48:32');
INSERT INTO `faq_languages` (`id`, `faq_id`, `language`, `title`, `description`, `created_at`, `updated_at`) VALUES ('48', '24', 'en', 'რას ნიშნავს პაკეტური ძებნა?', '<p><span data-sheets-value=\"{&quot;1&quot;:2,&quot;2&quot;:&quot;მედიკამენტების პაკეტური ძებნისას თქვენ ირჩევთ მოსაძებნ მედიკამენტებს თქვენთვის სასურველი რაოდენობით და ამატებთ მათ პაკეტში. პაკეტის მოძებნის შემდეგ, EKIMO გაჩვენებთ ყველა აფთიაქს, რომელსაც თქვენს პაკეტში შემავალი მედიკამენტები აქვს შესაბამისი რაოდენობით. EKIMO ასევე გიჩვენებთ პაკეტის ჯამურ საფასურს მოძებნილ აფთიაქებში.&quot;}\" data-sheets-userformat=\"{&quot;2&quot;:5033,&quot;3&quot;:{&quot;1&quot;:0},&quot;6&quot;:{&quot;1&quot;:[{&quot;1&quot;:2,&quot;2&quot;:0,&quot;5&quot;:[null,2,0]},{&quot;1&quot;:0,&quot;2&quot;:0,&quot;3&quot;:3},{&quot;1&quot;:1,&quot;2&quot;:0,&quot;4&quot;:1}]},&quot;8&quot;:{&quot;1&quot;:[{&quot;1&quot;:2,&quot;2&quot;:0,&quot;5&quot;:[null,2,0]},{&quot;1&quot;:0,&quot;2&quot;:0,&quot;3&quot;:3},{&quot;1&quot;:1,&quot;2&quot;:0,&quot;4&quot;:1}]},&quot;10&quot;:1,&quot;11&quot;:4,&quot;12&quot;:0,&quot;15&quot;:&quot;arial,sans,sans-serif&quot;}\">მედიკამენტების პაკეტური ძებნისას თქვენ ირჩევთ მოსაძებნ მედიკამენტებს თქვენთვის სასურველი რაოდენობით და ამატებთ მათ პაკეტში. პაკეტის მოძებნის შემდეგ, EKIMO გაჩვენებთ ყველა აფთიაქს, რომელსაც თქვენს პაკეტში შემავალი მედიკამენტები აქვს შესაბამისი რაოდენობით. EKIMO ასევე გიჩვენებთ პაკეტის ჯამურ საფასურს მოძებნილ აფთიაქებში.</span></p>', '2019-06-26 08:48:32', '2019-06-26 08:48:32');
INSERT INTO `faq_languages` (`id`, `faq_id`, `language`, `title`, `description`, `created_at`, `updated_at`) VALUES ('49', '25', 'ge', 'შემიძლია მედიკამენტი დანიშნულებიდანვე მოვძებნო?', '<p><span data-sheets-value=\"{\" data-sheets-userformat=\"{\">კონკრეტული დანიშნულების გვერდზე თქვენ შეგიძლიათ იხილოთ ღილაკი \"ყველა მედიკამენტის დამატება პაკეტში\". ამ ღილაკზე დაჭერით, დანიშნულებაში მითითებული ყველა მედიკამენტი ავტომატურად დაემატება მედიკამენტების პაკეტში და თქვენ აღარ მოგიწევთ მათი ცალ-ცალკე დამატება მედიკამენტების ძებნის მოდულში.<br /><br />თუ გსურთ, რომ დანიშნულების მოდულიდან მხოლოდ კონკრეტული მედიკამენტი დაამატოთ პაკეტში, საჭიროა დანიშნულების მოდულში გადახვიდეთ ტაბზე \"მედიკამენტები\", აქ კონკრეტული მედიკამენტის გვერდზე შესვლისას დაინახავთ ღილაკს \"მედიკამენტის დამატება პაკეტში\". ამ ღილაკზე დაჭერით მედიკამენტი პაკეტში დაემატება.</span></p>', '2019-06-26 09:34:39', '2019-07-04 07:47:07');
INSERT INTO `faq_languages` (`id`, `faq_id`, `language`, `title`, `description`, `created_at`, `updated_at`) VALUES ('50', '25', 'en', 'შემიძლია მედიკამენტი დანიშნულებიდანვე მოვძებნო?', '<p><span data-sheets-value=\"{&quot;1&quot;:2,&quot;2&quot;:&quot;კონკრეტული დანიშნულების გვერდზე თქვენ შეგიძლიათ იხილოთ ღილაკი \\&quot;ყველა მედიკამენტის დამატება პაკეტში\\&quot;. ამ ღილაკზე დაჭერით, დანიშნულებაში მითითებული ყველა მედიკამენტი ავტომატურად დაემატება მედიკამენტების პაკეტში და თქვენ აღარ მოგიწევთ მათი ცალ-ცალკე დამატება მედიკამენტების ძებნის მოდულში.\\n\\nთუ გსურთ, რომ დანიშნულების მოდულიდან მხოლოდ კონკრეტული მედიკამენტი დაამატოთ პაკეტში, საჭიროა დანიშნულების მოდულში გადახვიდეთ ტაბზე \\&quot;მედიკამენტები\\&quot;, აქ კონკრეტული მედიკამენტის გვერდზე შესვლისას დაინახავთ ღილაკს \\&quot;მედიკამენტის დამატება პაკეტში\\&quot;. ამ ღილაკზე დაჭერით მედიკამენტი პაკეტში დაემატება.&quot;}\" data-sheets-userformat=\"{&quot;2&quot;:5033,&quot;3&quot;:{&quot;1&quot;:0},&quot;6&quot;:{&quot;1&quot;:[{&quot;1&quot;:2,&quot;2&quot;:0,&quot;5&quot;:[null,2,0]},{&quot;1&quot;:0,&quot;2&quot;:0,&quot;3&quot;:3},{&quot;1&quot;:1,&quot;2&quot;:0,&quot;4&quot;:2}]},&quot;8&quot;:{&quot;1&quot;:[{&quot;1&quot;:2,&quot;2&quot;:0,&quot;5&quot;:[null,2,0]},{&quot;1&quot;:0,&quot;2&quot;:0,&quot;3&quot;:3},{&quot;1&quot;:1,&quot;2&quot;:0,&quot;4&quot;:1}]},&quot;10&quot;:1,&quot;11&quot;:4,&quot;12&quot;:0,&quot;15&quot;:&quot;arial,sans,sans-serif&quot;}\">კონკრეტული დანიშნულების გვერდზე თქვენ შეგიძლიათ იხილოთ ღილაკი \"ყველა მედიკამენტის დამატება პაკეტში\". ამ ღილაკზე დაჭერით, დანიშნულებაში მითითებული ყველა მედიკამენტი ავტომატურად დაემატება მედიკამენტების პაკეტში და თქვენ აღარ მოგიწევთ მათი ცალ-ცალკე დამატება მედიკამენტების ძებნის მოდულში.<br /><br />თუ გსურთ, რომ დანიშნულების მოდულიდან მხოლოდ კონკრეტული მედიკამენტი დაამატოთ პაკეტში, საჭიროა დანიშნულების მოდულში გადახვიდეთ ტაბზე \"მედიკამენტები\", აქ კონკრეტული მედიკამენტის გვერდზე შესვლისას დაინახავთ ღილაკს \"მედიკამენტის დამატება პაკეტში\". ამ ღილაკზე დაჭერით მედიკამენტი პაკეტში დაემატება.</span></p>', '2019-06-26 09:34:39', '2019-06-26 09:34:39');
INSERT INTO `faq_languages` (`id`, `faq_id`, `language`, `title`, `description`, `created_at`, `updated_at`) VALUES ('51', '26', 'ge', 'რა სახის ელექტრონულ დოკუმენტებს მივიღებ?', '<p><span data-sheets-value=\"{\" data-sheets-userformat=\"{\">სხვადასხვა ტიპის სერვისის მომწოდებლებისგან მიიღებთ განსხვავებულ ელექტრონულ დოკუმენტებს, კერძოდ:&nbsp;<br /><br />&bull; სამედიცინო დაწესებულებებისგან მიიღებთ დანიშნულებებს, სადაც გაერთიანებული იქნება დიაგნოზები, რეკომენდაციები, მიმართვები სამედიცინო სერვისებსა და მედიკამენტებზე.&nbsp;<br /><br />&bull; სადაზღვევო კომპანიებისგან ასევე მიიღებთ დანიშნულებებს და დამატებით საგარანტიო წერილებსაც, სადაც მითითებულია თანაგადახდის პროცენტი, რომელსაც სადაზღვევო კომპანია დაგიფინანსებთ. აღნიშნული საგარანტიო წერილების გამოყენება შეგიძლიათ ჯავშნის საფასურის გადახდისას, რათა დაფაროთ მხოლოდ ის თანხა, რომელსაც სადაზღვევო არ გიფინანსებთ.</span></p>', '2019-06-26 09:34:54', '2019-07-11 13:52:33');
INSERT INTO `faq_languages` (`id`, `faq_id`, `language`, `title`, `description`, `created_at`, `updated_at`) VALUES ('52', '26', 'en', 'რა სახის ელექტრონულ დოკუმენტებს მივიღებ EKIMO-ში?', '<p><span data-sheets-value=\"{&quot;1&quot;:2,&quot;2&quot;:&quot;სხვადასხვა ტიპის სერვისის მომწოდებლებისგან მიიღებთ განსხვავებულ ელექტრონულ დოკუმენტებს, კერძოდ:\\n\\n&bull; სამედიცინო დაწესებულებებისგან მიიღებთ დანიშნულებებს, სადაც გაერთიანებული იქნება დიაგნოზები, რეკომენდაციები, მიმართვები სამედიცინო სერვისებსა და მედიკამენტებზე.\\n\\n&bull; სადაზღვევო კომპანიებისგან ასევე მიიღებთ დანიშნულებებს და დამატებით საგარანტიო წერილებსაც, სადაც მითითებულია თანაგადახდის პროცენტი, რომელსაც სადაზღვევო კომპანია დაგიფინანსებთ. აღნიშნული საგარანტიო წერილების გამოყენება შეგიძლიათ ჯავშნის საფასურის გადახდისას, რათა დაფაროთ მხოლოდ ის თანხა, რომელსაც სადაზღვევო არ გიფინანსებთ.&quot;}\" data-sheets-userformat=\"{&quot;2&quot;:5033,&quot;3&quot;:{&quot;1&quot;:0},&quot;6&quot;:{&quot;1&quot;:[{&quot;1&quot;:2,&quot;2&quot;:0,&quot;5&quot;:[null,2,0]},{&quot;1&quot;:0,&quot;2&quot;:0,&quot;3&quot;:3},{&quot;1&quot;:1,&quot;2&quot;:0,&quot;4&quot;:1}]},&quot;8&quot;:{&quot;1&quot;:[{&quot;1&quot;:2,&quot;2&quot;:0,&quot;5&quot;:[null,2,0]},{&quot;1&quot;:0,&quot;2&quot;:0,&quot;3&quot;:3},{&quot;1&quot;:1,&quot;2&quot;:0,&quot;4&quot;:1}]},&quot;10&quot;:1,&quot;11&quot;:4,&quot;12&quot;:0,&quot;15&quot;:&quot;arial,sans,sans-serif&quot;}\">სხვადასხვა ტიპის სერვისის მომწოდებლებისგან მიიღებთ განსხვავებულ ელექტრონულ დოკუმენტებს, კერძოდ:<br /><br />&bull; სამედიცინო დაწესებულებებისგან მიიღებთ დანიშნულებებს, სადაც გაერთიანებული იქნება დიაგნოზები, რეკომენდაციები, მიმართვები სამედიცინო სერვისებსა და მედიკამენტებზე.<br /><br />&bull; სადაზღვევო კომპანიებისგან ასევე მიიღებთ დანიშნულებებს და დამატებით საგარანტიო წერილებსაც, სადაც მითითებულია თანაგადახდის პროცენტი, რომელსაც სადაზღვევო კომპანია დაგიფინანსებთ. აღნიშნული საგარანტიო წერილების გამოყენება შეგიძლიათ ჯავშნის საფასურის გადახდისას, რათა დაფაროთ მხოლოდ ის თანხა, რომელსაც სადაზღვევო არ გიფინანსებთ.</span></p>', '2019-06-26 09:34:54', '2019-06-26 09:34:54');
INSERT INTO `faq_languages` (`id`, `faq_id`, `language`, `title`, `description`, `created_at`, `updated_at`) VALUES ('53', '27', 'ge', 'როგორ მივიღებ ელექტრონულ დოკუმენტებს?', '<p><span data-sheets-value=\"{\" data-sheets-userformat=\"{\">EKIMO-ში ელექტრონული დოკუმენტების მიღება ორი გზითაა შესაძლებელი:&nbsp;<br /><br />&bull; თუ თქვენ EKIMO-დან შექმნით ჯავშანს, რომლის შედეგადაც ექიმი დანიშნულებას გამოგიწერთ, ამ დანიშნულებას პირდაპირ EKIMO-ში მიიღებთ.&nbsp;<br /><br />&bull; ელექტრონული დოკუმენტების მიღება შეგიძლიათ იმ სერვისის მომწოდებლებისგან, რომლებთანაც EKIMO-თი ხართ დაკავშირებული. დაკავშირებული სერვისის მომწოდებლების ნახვა/ცვლილება შეგიძლიათ საკუთარი პროფილიდან. სერვისის მომწოდებელთან დაკავშირების შემდეგ, თქვენ EKIMO-ში ავტომატურად მიიღებთ იმ ელექტრონულ დოკუმენტებს, რომლებსაც EKIMO-ს სერვისის მომწოდებელი ექიმები გამოგიწერენ, მათთან ვიზიტი EKIMO-ს გარეშე რომც განახორციელოთ.</span></p>', '2019-06-26 09:35:12', '2019-07-11 13:50:41');
INSERT INTO `faq_languages` (`id`, `faq_id`, `language`, `title`, `description`, `created_at`, `updated_at`) VALUES ('54', '27', 'en', 'როგორ მივიღებ ელექტრონულ დოკუმენტებს EKIMO-ში?', '<p><span data-sheets-value=\"{&quot;1&quot;:2,&quot;2&quot;:&quot;EKIMO-ში ელექტრონული დოკუმენტების მიღება ორი გზითაა შესაძლებელი:\\n\\n&bull; თუ თქვენ EKIMO-დან შექმნით ჯავშანს, რომლის შედეგადაც ექიმი დანიშნულებას გამოგიწერთ, ამ დანიშნულებას პირდაპირ EKIMO-ში მიიღებთ.\\n&bull; ელექტრონული დოკუმენტების მიღება შეგიძლიათ იმ სერვისის მომწოდებლებისგან, რომლებთანაც EKIMO-თი ხართ დაკავშირებული. დაკავშირებული სერვისის მომწოდებლების ნახვა/ცვლილება შეგიძლიათ საკუთარი პროფილიდან. სერვისის მომწოდებელთან დაკავშირების შემდეგ, თქვენ EKIMO-ში ავტომატურად მიიღებთ იმ ელექტრონულ დოკუმენტებს, რომლებსაც EKIMO-ს სერვისის მომწოდებელი ექიმები გამოგიწერენ, მათთან ვიზიტი EKIMO-ს გარეშე რომც განახორციელოთ.&quot;}\" data-sheets-userformat=\"{&quot;2&quot;:5033,&quot;3&quot;:{&quot;1&quot;:0},&quot;6&quot;:{&quot;1&quot;:[{&quot;1&quot;:2,&quot;2&quot;:0,&quot;5&quot;:[null,2,0]},{&quot;1&quot;:0,&quot;2&quot;:0,&quot;3&quot;:3},{&quot;1&quot;:1,&quot;2&quot;:0,&quot;4&quot;:1}]},&quot;8&quot;:{&quot;1&quot;:[{&quot;1&quot;:2,&quot;2&quot;:0,&quot;5&quot;:[null,2,0]},{&quot;1&quot;:0,&quot;2&quot;:0,&quot;3&quot;:3},{&quot;1&quot;:1,&quot;2&quot;:0,&quot;4&quot;:1}]},&quot;10&quot;:1,&quot;11&quot;:4,&quot;12&quot;:0,&quot;15&quot;:&quot;arial,sans,sans-serif&quot;}\">EKIMO-ში ელექტრონული დოკუმენტების მიღება ორი გზითაა შესაძლებელი:<br /><br />&bull; თუ თქვენ EKIMO-დან შექმნით ჯავშანს, რომლის შედეგადაც ექიმი დანიშნულებას გამოგიწერთ, ამ დანიშნულებას პირდაპირ EKIMO-ში მიიღებთ.<br />&bull; ელექტრონული დოკუმენტების მიღება შეგიძლიათ იმ სერვისის მომწოდებლებისგან, რომლებთანაც EKIMO-თი ხართ დაკავშირებული. დაკავშირებული სერვისის მომწოდებლების ნახვა/ცვლილება შეგიძლიათ საკუთარი პროფილიდან. სერვისის მომწოდებელთან დაკავშირების შემდეგ, თქვენ EKIMO-ში ავტომატურად მიიღებთ იმ ელექტრონულ დოკუმენტებს, რომლებსაც EKIMO-ს სერვისის მომწოდებელი ექიმები გამოგიწერენ, მათთან ვიზიტი EKIMO-ს გარეშე რომც განახორციელოთ.</span></p>', '2019-06-26 09:35:12', '2019-06-26 09:35:12');
INSERT INTO `faq_languages` (`id`, `faq_id`, `language`, `title`, `description`, `created_at`, `updated_at`) VALUES ('55', '28', 'ge', 'სად ვნახო სადაზღვევო პოლისები?', '<p><span data-sheets-value=\"{\" data-sheets-userformat=\"{\">სადაზღვევო პოლისების ნახვა შეგიძლიათ გვერდით მენიუში, \"პოლისებზე\" დაჭერით. აქ გამოგიჩნდებათ თქვენი ყველა სადაზღვევო პოლისი, რომელიც სადაზღვევო სერვისის მომწოდებელთან დაკავშირების მომენტში იყო აქტიური.</span></p>', '2019-06-26 09:38:45', '2019-07-01 15:42:08');
INSERT INTO `faq_languages` (`id`, `faq_id`, `language`, `title`, `description`, `created_at`, `updated_at`) VALUES ('56', '28', 'en', 'სად ვნახო სადაზღვევო პოლისები აპლიკაციაში?', '<p><span data-sheets-value=\"{&quot;1&quot;:2,&quot;2&quot;:&quot;სადაზღვევო პოლისების ნახვა შეგიძლიათ გვერდით მენიუში, \\&quot;პოლისებზე\\&quot; დაჭერით. აქ გამოგიჩნდებათ თქვენი ყველა სადაზღვევო პოლისი, რომელიც სადაზღვევო სერვისის მომწოდებელთან დაკავშირების მომენტში იყო აქტიური.&quot;}\" data-sheets-userformat=\"{&quot;2&quot;:5033,&quot;3&quot;:{&quot;1&quot;:0},&quot;6&quot;:{&quot;1&quot;:[{&quot;1&quot;:2,&quot;2&quot;:0,&quot;5&quot;:[null,2,0]},{&quot;1&quot;:0,&quot;2&quot;:0,&quot;3&quot;:3},{&quot;1&quot;:1,&quot;2&quot;:0,&quot;4&quot;:2}]},&quot;8&quot;:{&quot;1&quot;:[{&quot;1&quot;:2,&quot;2&quot;:0,&quot;5&quot;:[null,2,0]},{&quot;1&quot;:0,&quot;2&quot;:0,&quot;3&quot;:3},{&quot;1&quot;:1,&quot;2&quot;:0,&quot;4&quot;:1}]},&quot;10&quot;:1,&quot;11&quot;:4,&quot;12&quot;:0,&quot;15&quot;:&quot;arial,sans,sans-serif&quot;}\">სადაზღვევო პოლისების ნახვა შეგიძლიათ გვერდით მენიუში, \"პოლისებზე\" დაჭერით. აქ გამოგიჩნდებათ თქვენი ყველა სადაზღვევო პოლისი, რომელიც სადაზღვევო სერვისის მომწოდებელთან დაკავშირების მომენტში იყო აქტიური.</span></p>', '2019-06-26 09:38:45', '2019-06-26 09:38:45');
INSERT INTO `faq_languages` (`id`, `faq_id`, `language`, `title`, `description`, `created_at`, `updated_at`) VALUES ('57', '29', 'ge', 'როგორ მივიღო სადაზღვევო პოლისები?', '<p><span data-sheets-value=\"{\" data-sheets-userformat=\"{\">სადაზღვევო პოლისების მისაღებად, საჭიროა დაკავშირებული იყოთ სადაზღვევო მიმართულების სერვისის მომწოდებელთან. ამისთვის, ან თქვენი პირადი ნომერი და მისი გამცემი ქვეყანა უნდა შეავსოთ თქვენი პირადი მონაცემების გვერდზე, ან, თუ ისინი უკვე შევსებული გაქვთ, თქვენს პროფილზე სერვისის მომწოდებლების ბლოკში \"სერვისის მომწოდებლის დამატებას\" დააჭიროთ და შესაბამისი სადაზღვევო სერვისის მომწოდებელი აირჩიოთ.</span></p>', '2019-06-26 09:39:02', '2019-07-01 15:42:22');
INSERT INTO `faq_languages` (`id`, `faq_id`, `language`, `title`, `description`, `created_at`, `updated_at`) VALUES ('58', '29', 'en', 'როგორ მივიღო სადაზღვევო პოლისები EKIMO-ში?', '<p><span data-sheets-value=\"{&quot;1&quot;:2,&quot;2&quot;:&quot;სადაზღვევო პოლისების მისაღებად, საჭიროა დაკავშირებული იყოთ სადაზღვევო მიმართულების სერვისის მომწოდებელთან. ამისთვის, ან თქვენი პირადი ნომერი და მისი გამცემი ქვეყანა უნდა შეავსოთ თქვენი პირადი მონაცემების გვერდზე, ან, თუ ისინი უკვე შევსებული გაქვთ, თქვენს პროფილზე სერვისის მომწოდებლების ბლოკში \\&quot;სერვისის მომწოდებლის დამატებას\\&quot; დააჭიროთ და შესაბამისი სადაზღვევო სერვისის მომწოდებელი აირჩიოთ.&quot;}\" data-sheets-userformat=\"{&quot;2&quot;:5033,&quot;3&quot;:{&quot;1&quot;:0},&quot;6&quot;:{&quot;1&quot;:[{&quot;1&quot;:2,&quot;2&quot;:0,&quot;5&quot;:[null,2,0]},{&quot;1&quot;:0,&quot;2&quot;:0,&quot;3&quot;:3},{&quot;1&quot;:1,&quot;2&quot;:0,&quot;4&quot;:1}]},&quot;8&quot;:{&quot;1&quot;:[{&quot;1&quot;:2,&quot;2&quot;:0,&quot;5&quot;:[null,2,0]},{&quot;1&quot;:0,&quot;2&quot;:0,&quot;3&quot;:3},{&quot;1&quot;:1,&quot;2&quot;:0,&quot;4&quot;:1}]},&quot;10&quot;:1,&quot;11&quot;:4,&quot;12&quot;:0,&quot;15&quot;:&quot;arial,sans,sans-serif&quot;}\">სადაზღვევო პოლისების მისაღებად, საჭიროა დაკავშირებული იყოთ სადაზღვევო მიმართულების სერვისის მომწოდებელთან. ამისთვის, ან თქვენი პირადი ნომერი და მისი გამცემი ქვეყანა უნდა შეავსოთ თქვენი პირადი მონაცემების გვერდზე, ან, თუ ისინი უკვე შევსებული გაქვთ, თქვენს პროფილზე სერვისის მომწოდებლების ბლოკში \"სერვისის მომწოდებლის დამატებას\" დააჭიროთ და შესაბამისი სადაზღვევო სერვისის მომწოდებელი აირჩიოთ.</span></p>', '2019-06-26 09:39:02', '2019-06-26 09:39:02');
INSERT INTO `faq_languages` (`id`, `faq_id`, `language`, `title`, `description`, `created_at`, `updated_at`) VALUES ('59', '30', 'ge', 'როგორ განვაახლო სააფთიაქო ბარათის ქულები?', '<p><span data-sheets-value=\"{&quot;1&quot;:2,&quot;2&quot;:&quot;სააფთიაქო ლოიალობის ბარათების ქულების განახლება ხდება ავტომატურად, რამდენიმე წუთში ერთხელ. თუ მყისიერად გსურთ თქვენს ბარათზე დაგროვებული ქულების ნახვა, აპლიკაციაში გვერდით არსებული მენიუდან \\&quot;ლოიალობის ბარათების\\&quot; მოდულზე შეგიძლიათ გადახვიდეთ. აქ თქვენს ყველა სააფთიაქო ბარათს და დაგროვებულ ქულებს იხილავთ. კონკრეტულ ბარათზე ქულების განახლებისთვის შეგიძლიათ განახლების ღილაკს დააჭიროთ ამ ბარათზე.&quot;}\" data-sheets-userformat=\"{&quot;2&quot;:5033,&quot;3&quot;:{&quot;1&quot;:0},&quot;6&quot;:{&quot;1&quot;:[{&quot;1&quot;:2,&quot;2&quot;:0,&quot;5&quot;:[null,2,0]},{&quot;1&quot;:0,&quot;2&quot;:0,&quot;3&quot;:3},{&quot;1&quot;:1,&quot;2&quot;:0,&quot;4&quot;:2}]},&quot;8&quot;:{&quot;1&quot;:[{&quot;1&quot;:2,&quot;2&quot;:0,&quot;5&quot;:[null,2,0]},{&quot;1&quot;:0,&quot;2&quot;:0,&quot;3&quot;:3},{&quot;1&quot;:1,&quot;2&quot;:0,&quot;4&quot;:1}]},&quot;10&quot;:1,&quot;11&quot;:4,&quot;12&quot;:0,&quot;15&quot;:&quot;arial,sans,sans-serif&quot;}\">სააფთიაქო ლოიალობის ბარათების ქულების განახლება ხდება ავტომატურად, რამდენიმე წუთში ერთხელ. თუ მყისიერად გსურთ თქვენს ბარათზე დაგროვებული ქულების ნახვა, აპლიკაციაში გვერდით არსებული მენიუდან \"ლოიალობის ბარათების\" მოდულზე შეგიძლიათ გადახვიდეთ. აქ თქვენს ყველა სააფთიაქო ბარათს და დაგროვებულ ქულებს იხილავთ. კონკრეტულ ბარათზე ქულების განახლებისთვის შეგიძლიათ განახლების ღილაკს დააჭიროთ ამ ბარათზე.</span></p>', '2019-06-26 09:45:37', '2019-06-26 09:45:37');
INSERT INTO `faq_languages` (`id`, `faq_id`, `language`, `title`, `description`, `created_at`, `updated_at`) VALUES ('60', '30', 'en', 'როგორ განვაახლო სააფთიაქო ბარათის ქულები?', '<p><span data-sheets-value=\"{&quot;1&quot;:2,&quot;2&quot;:&quot;სააფთიაქო ლოიალობის ბარათების ქულების განახლება ხდება ავტომატურად, რამდენიმე წუთში ერთხელ. თუ მყისიერად გსურთ თქვენს ბარათზე დაგროვებული ქულების ნახვა, აპლიკაციაში გვერდით არსებული მენიუდან \\&quot;ლოიალობის ბარათების\\&quot; მოდულზე შეგიძლიათ გადახვიდეთ. აქ თქვენს ყველა სააფთიაქო ბარათს და დაგროვებულ ქულებს იხილავთ. კონკრეტულ ბარათზე ქულების განახლებისთვის შეგიძლიათ განახლების ღილაკს დააჭიროთ ამ ბარათზე.&quot;}\" data-sheets-userformat=\"{&quot;2&quot;:5033,&quot;3&quot;:{&quot;1&quot;:0},&quot;6&quot;:{&quot;1&quot;:[{&quot;1&quot;:2,&quot;2&quot;:0,&quot;5&quot;:[null,2,0]},{&quot;1&quot;:0,&quot;2&quot;:0,&quot;3&quot;:3},{&quot;1&quot;:1,&quot;2&quot;:0,&quot;4&quot;:2}]},&quot;8&quot;:{&quot;1&quot;:[{&quot;1&quot;:2,&quot;2&quot;:0,&quot;5&quot;:[null,2,0]},{&quot;1&quot;:0,&quot;2&quot;:0,&quot;3&quot;:3},{&quot;1&quot;:1,&quot;2&quot;:0,&quot;4&quot;:1}]},&quot;10&quot;:1,&quot;11&quot;:4,&quot;12&quot;:0,&quot;15&quot;:&quot;arial,sans,sans-serif&quot;}\">სააფთიაქო ლოიალობის ბარათების ქულების განახლება ხდება ავტომატურად, რამდენიმე წუთში ერთხელ. თუ მყისიერად გსურთ თქვენს ბარათზე დაგროვებული ქულების ნახვა, აპლიკაციაში გვერდით არსებული მენიუდან \"ლოიალობის ბარათების\" მოდულზე შეგიძლიათ გადახვიდეთ. აქ თქვენს ყველა სააფთიაქო ბარათს და დაგროვებულ ქულებს იხილავთ. კონკრეტულ ბარათზე ქულების განახლებისთვის შეგიძლიათ განახლების ღილაკს დააჭიროთ ამ ბარათზე.</span></p>', '2019-06-26 09:45:37', '2019-06-26 09:45:37');
INSERT INTO `faq_languages` (`id`, `faq_id`, `language`, `title`, `description`, `created_at`, `updated_at`) VALUES ('61', '31', 'ge', 'სად ვნახო სააფთიაქო ლოიალობის ბარათები?', '<p><span data-sheets-value=\"{\" data-sheets-userformat=\"{\">სააფთიაქო ლოიალობის ბარათების ნახვა შეგიძლიათ გვერდით მენიუში \"ლოიალობის ბარათებზე\" დაჭერით. აქ გამოგიჩნდებათ თქვენი ყველა ლოიალობის ბარათი და მათზე დაგროვებული ქულები.</span></p>', '2019-06-26 09:45:48', '2019-06-26 09:48:30');
INSERT INTO `faq_languages` (`id`, `faq_id`, `language`, `title`, `description`, `created_at`, `updated_at`) VALUES ('62', '31', 'en', 'სად ვნახო სააფთიაქო ლოიალობის ბარათები აპლიკაციაში?', '<p><span data-sheets-value=\"{&quot;1&quot;:2,&quot;2&quot;:&quot;სააფთიაქო ლოიალობის ბარათების ნახვა შეგიძლიათ გვერდით მენიუში \\&quot;ლოიალობის ბარათებზე\\&quot; დაჭერით. აქ გამოგიჩნდებათ თქვენი ყველა ლოიალობის ბარათი და მათზე დაგროვებული ქულები.&quot;}\" data-sheets-userformat=\"{&quot;2&quot;:4520,&quot;6&quot;:{&quot;1&quot;:[{&quot;1&quot;:2,&quot;2&quot;:0,&quot;5&quot;:[null,2,0]},{&quot;1&quot;:0,&quot;2&quot;:0,&quot;3&quot;:3},{&quot;1&quot;:1,&quot;2&quot;:0,&quot;4&quot;:1}]},&quot;8&quot;:{&quot;1&quot;:[{&quot;1&quot;:2,&quot;2&quot;:0,&quot;5&quot;:[null,2,0]},{&quot;1&quot;:0,&quot;2&quot;:0,&quot;3&quot;:3},{&quot;1&quot;:1,&quot;2&quot;:0,&quot;4&quot;:1}]},&quot;10&quot;:1,&quot;11&quot;:4,&quot;15&quot;:&quot;arial,sans,sans-serif&quot;}\">სააფთიაქო ლოიალობის ბარათების ნახვა შეგიძლიათ გვერდით მენიუში \"ლოიალობის ბარათებზე\" დაჭერით. აქ გამოგიჩნდებათ თქვენი ყველა ლოიალობის ბარათი და მათზე დაგროვებული ქულები.</span></p>', '2019-06-26 09:45:48', '2019-06-26 09:45:48');
INSERT INTO `faq_languages` (`id`, `faq_id`, `language`, `title`, `description`, `created_at`, `updated_at`) VALUES ('63', '32', 'ge', 'როგორ მივიღო სააფთიაქო ლოიალობის ბარათები?', '<p><span data-sheets-value=\"{\" data-sheets-userformat=\"{\">ლოიალობის ბარათების მისაღებად, საჭიროა სააფთიაქო მიმართულების სერვისის მომწოდებელთან იყოთ დაკავშირებული. ამისთვის, ან თქვენი პირადი ნომერი და მისი გამცემი ქვეყანა უნდა შეავსოთ თქვენი პირადი მონაცემების გვერდზე, ან, თუ ისინი უკვე შევსებული გაქვთ, თქვენს პროფილზე სერვისის მომწოდებლების ბლოკში \"სერვისის მომწოდებლის დამატებას\" დააჭიროთ და შესაბამისი სააფთიაქო სერვისის მომწოდებელი აირჩიოთ.</span></p>', '2019-06-26 09:45:58', '2019-06-26 09:48:20');
INSERT INTO `faq_languages` (`id`, `faq_id`, `language`, `title`, `description`, `created_at`, `updated_at`) VALUES ('64', '32', 'en', 'როგორ მივიღო სააფთიაქო ლოიალობის ბარათები EKIMO-ში?', '<p><span data-sheets-value=\"{&quot;1&quot;:2,&quot;2&quot;:&quot;ლოიალობის ბარათების მისაღებად, საჭიროა სააფთიაქო მიმართულების სერვისის მომწოდებელთან იყოთ დაკავშირებული. ამისთვის, ან თქვენი პირადი ნომერი და მისი გამცემი ქვეყანა უნდა შეავსოთ თქვენი პირადი მონაცემების გვერდზე, ან, თუ ისინი უკვე შევსებული გაქვთ, თქვენს პროფილზე სერვისის მომწოდებლების ბლოკში \\&quot;სერვისის მომწოდებლის დამატებას\\&quot; დააჭიროთ და შესაბამისი სააფთიაქო სერვისის მომწოდებელი აირჩიოთ.&quot;}\" data-sheets-userformat=\"{&quot;2&quot;:5033,&quot;3&quot;:{&quot;1&quot;:0},&quot;6&quot;:{&quot;1&quot;:[{&quot;1&quot;:2,&quot;2&quot;:0,&quot;5&quot;:[null,2,0]},{&quot;1&quot;:0,&quot;2&quot;:0,&quot;3&quot;:3},{&quot;1&quot;:1,&quot;2&quot;:0,&quot;4&quot;:1}]},&quot;8&quot;:{&quot;1&quot;:[{&quot;1&quot;:2,&quot;2&quot;:0,&quot;5&quot;:[null,2,0]},{&quot;1&quot;:0,&quot;2&quot;:0,&quot;3&quot;:3},{&quot;1&quot;:1,&quot;2&quot;:0,&quot;4&quot;:1}]},&quot;10&quot;:1,&quot;11&quot;:4,&quot;12&quot;:0,&quot;15&quot;:&quot;arial,sans,sans-serif&quot;}\">ლოიალობის ბარათების მისაღებად, საჭიროა სააფთიაქო მიმართულების სერვისის მომწოდებელთან იყოთ დაკავშირებული. ამისთვის, ან თქვენი პირადი ნომერი და მისი გამცემი ქვეყანა უნდა შეავსოთ თქვენი პირადი მონაცემების გვერდზე, ან, თუ ისინი უკვე შევსებული გაქვთ, თქვენს პროფილზე სერვისის მომწოდებლების ბლოკში \"სერვისის მომწოდებლის დამატებას\" დააჭიროთ და შესაბამისი სააფთიაქო სერვისის მომწოდებელი აირჩიოთ.</span></p>', '2019-06-26 09:45:58', '2019-06-26 09:45:58');
INSERT INTO `faq_languages` (`id`, `faq_id`, `language`, `title`, `description`, `created_at`, `updated_at`) VALUES ('65', '33', 'ge', 'რა შემთხვევაში შემიძლია დაზღვევის საგარანტიო წერილის გამოყენება?', '<p>სადაზღვევო კომპანიისგან მიღებული საგარანტიო წერილი შეგიძლიათ გამოიყენოთ ფასიანი ჯავშნის საფასურის გადახდის დროს. ჯავშნის საფასურის გადახდის გვერდზე ჩანს ბლოკი \"აირჩიეთ საგარანტიო\", ამ ბლოკში ჩანს ისეთი საგარანტიო წერილები, რომლებიც შეესაბამება თქვენ მიერ არჩეული ექიმის სპეციალობასა და მის მიერ გაწეულ მომსახურებას. საგარანტიოს არჩევის შემდეგ, ხელახლა გამოანგარიშდება ფასი და თქვენ უკვე ფასდაკლებული თანხა გამოგიჩნდებათ.</p>', '2019-07-01 15:43:17', '2019-07-01 15:43:28');
INSERT INTO `faq_languages` (`id`, `faq_id`, `language`, `title`, `description`, `created_at`, `updated_at`) VALUES ('66', '33', 'en', 'რა შემთხვევაში შემიძლია დაზღვევის საგარანტიო წერილის გამოყენება?', '<p>სადაზღვევო კომპანიისგან მიღებული საგარანტიო წერილი შეგიძლიათ გამოიყენოთ ფასიანი ჯავშნის საფასურის გადახდის დროს. ჯავშნის საფასურის გადახდის გვერდზე ჩანს ბლოკი \"აირჩიეთ საგარანტიო\", ამ ბლოკში ჩანს ისეთი საგარანტიო წერილები, რომლებიც შეესაბამება თქვენ მიერ არჩეული ექიმის სპეციალობასა და მის მიერ გაწეულ მომსახურებას. საგარანტიოს არჩევის შემდეგ, ხელახლა გამოანგარიშდება ფასი და თქვენ უკვე ფასდაკლებული თანხა გამოგიჩნდებათ.</p>', '2019-07-01 15:43:17', '2019-07-01 15:43:17');
INSERT INTO `faq_languages` (`id`, `faq_id`, `language`, `title`, `description`, `created_at`, `updated_at`) VALUES ('67', '34', 'ge', 'როგორ მივიღო საგარანტიო წერილი?', '<p>EKIMO-ს ერთ-ერთი უპირატესობაა, რომ ის საშუალებას გაძლევთ, ექიმთან ვიზიტში პირდაპირ იმდენი გადაიხადოთ, რამდენიც თქვენი სადაზღვევო პოლისის მიხედვით გიწევთ. ანუ, აპლიკაცია, ფასის გამოთვლის დროს, სერვისის საფასურს ავტომატურად გამოაკლებს თანხას, რომელსაც სადაზღვევო კომპანია გინაზღაურებთ და თქვენ მხოლოდ თქვენი წილის გადახდა მოგიწევთ.&nbsp;<br /><br />ამისთვის, საჭიროა აპლიკაციაში მიიღოთ საგარანტიო წერილები. მათ მისაღებად, აპლიკაციაში დაკავშირებული უნდა იყოთ სადაზღვევო სერვისების მომწოდებელ კომპანიასთან. თუ სადაზღვევოსთან დაკავშირებული ხართ, საგარანტიოს მიღების რამდენიმე გზა არსებობს:&nbsp;<br /><br />&bull; სადაზღვევო კომპანიის ოჯახის ექიმთან ვიზიტის შემდეგ, თქვენ ავტომატურად გამოგიჩნდებათ ის საგარანტიო წერილი, რომელსაც ის გამოგიწერთ.&nbsp;<br />&bull; სადაზღვევო კომპანიის ოჯახის ექიმთან ასევე შეგიძლიათ დაჯავშნოთ სატელეფონო კონსულტაცია EKIMO-დან. შედეგად, ის შეძლებს გამოგიწეროთ საგარანტიო წერილი თქვენი მოთხოვნისამებრ. ეს საგარანტიო წერილი გამოგიჩნდებათ EKIMO-ში.&nbsp;<br />&bull; საგარანტიოს მოთხოვნა ასევე შეგიძლიათ სადაზღვევო კომპანიის ქოლ-ცენტრში დარეკვით. თუ ქოლ-ცენტრმა დააკმაყოფილა თქვენი მოთხოვნა კონკრეტულ მომსახურებაზე საგარანტიოს გამოწერის შესახებ, ეს დოკუმენტი აპლიკაციაშიც გამოგიჩნდებათ.</p>', '2019-07-01 15:43:37', '2019-07-11 13:49:08');
INSERT INTO `faq_languages` (`id`, `faq_id`, `language`, `title`, `description`, `created_at`, `updated_at`) VALUES ('68', '34', 'en', 'როგორ მივიღო საგარანტიო წერილი?', '<p>EKIMO-ს ერთ-ერთი უპირატესობაა, რომ ის საშუალებას გაძლევთ, ექიმთან ვიზიტში პირდაპირ იმდენი გადაიხადოთ, რამდენიც თქვენი სადაზღვევო პოლისის მიხედვით გიწევთ. ანუ, აპლიკაცია, ფასის გამოთვლის დროს, სერვისის საფასურს ავტომატურად გამოაკლებს თანხას, რომელსაც სადაზღვევო კომპანია გინაზღაურებთ და თქვენ მხოლოდ თქვენი წილის გადახდა მოგიწევთ.<br /><br />ამისთვის, საჭიროა აპლიკაციაში მიიღოთ საგარანტიო წერილები. მათ მისაღებად, აპლიკაციაში დაკავშირებული უნდა იყოთ სერვისის იმ მომწოდებელთან, რომელიც საგარანტიო წერილებს გაწვდით (სადაზღვევო კომპანიები). თუ ასეთი სერვისის მომწოდებელთან დაკავშირებული ხართ, საგარანტიოს მიღების რამდენიმე გზა არსებობს:<br /><br />&bull; სადაზღვევო კომპანიის ოჯახის ექიმთან ვიზიტის შემდეგ, თქვენ ავტომატურად გამოგიჩნდებათ ის საგარანტიო წერილი, რომელსაც ის გამოგიწერთ.<br />&bull; სადაზღვევო კომპანიის ოჯახის ექიმთან ასევე შეგიძლიათ დაჯავშნოთ სატელეფონო კონსულტაცია EKIMO-დან. შედეგად, ის შეძლებს გამოგიწეროთ საგარანტიო წერილი თქვენი მოთხოვნისამებრ. ეს საგარანტიო წერილი გამოგიჩნდებათ EKIMO-ში.<br />&bull; საგარანტიოს მოთხოვნა ასევე შეგიძლიათ სადაზღვევო კომპანიის ქოლ-ცენტრში დარეკვით. თუ ქოლ-ცენტრმა დააკმაყოფილა თქვენი მოთხოვნა კონკრეტულ მომსახურებაზე საგარანტიოს გამოწერის შესახებ, ეს დოკუმენტი აპლიკაციაშიც გამოგიჩნდებათ.</p>', '2019-07-01 15:43:37', '2019-07-01 15:43:37');
INSERT INTO `faq_languages` (`id`, `faq_id`, `language`, `title`, `description`, `created_at`, `updated_at`) VALUES ('69', '35', 'ge', 'შემიძლია მედიკამენტი დანიშნულებიდანვე მოვძებნო?', '<p>კონკრეტული დანიშნულების გვერდზე თქვენ შეგიძლიათ იხილოთ ღილაკი \"ყველა მედიკამენტის დამატება პაკეტში\". ამ ღილაკზე დაჭერით, დანიშნულებაში მითითებული ყველა მედიკამენტი ავტომატურად დაემატება მედიკამენტების პაკეტში და თქვენ აღარ მოგიწევთ მათი ცალ-ცალკე დამატება მედიკამენტების ძებნის მოდულში.<br /><br />თუ გსურთ, რომ დანიშნულების მოდულიდან მხოლოდ კონკრეტული მედიკამენტი დაამატოთ პაკეტში, საჭიროა დანიშნულების მოდულში გადახვიდეთ ტაბზე \"მედიკამენტები\", აქ კონკრეტული მედიკამენტის გვერდზე შესვლისას დაინახავთ ღილაკს \"მედიკამენტის დამატება პაკეტში\". ამ ღილაკზე დაჭერით მედიკამენტი პაკეტში დაემატება.</p>', '2019-07-04 07:33:31', '2019-07-04 07:33:43');
INSERT INTO `faq_languages` (`id`, `faq_id`, `language`, `title`, `description`, `created_at`, `updated_at`) VALUES ('70', '35', 'en', 'შემიძლია მედიკამენტი დანიშნულებიდანვე მოვძებნო?', '<p>კონკრეტული დანიშნულების გვერდზე თქვენ შეგიძლიათ იხილოთ ღილაკი \"ყველა მედიკამენტის დამატება პაკეტში\". ამ ღილაკზე დაჭერით, დანიშნულებაში მითითებული ყველა მედიკამენტი ავტომატურად დაემატება მედიკამენტების პაკეტში და თქვენ აღარ მოგიწევთ მათი ცალ-ცალკე დამატება მედიკამენტების ძებნის მოდულში.<br /><br />თუ გსურთ, რომ დანიშნულების მოდულიდან მხოლოდ კონკრეტული მედიკამენტი დაამატოთ პაკეტში, საჭიროა დანიშნულების მოდულში გადახვიდეთ ტაბზე \"მედიკამენტები\", აქ კონკრეტული მედიკამენტის გვერდზე შესვლისას დაინახავთ ღილაკს \"მედიკამენტის დამატება პაკეტში\". ამ ღილაკზე დაჭერით მედიკამენტი პაკეტში დაემატება.</p>', '2019-07-04 07:33:31', '2019-07-04 07:33:31');

INSERT INTO `favourites` (`id`, `post_id`, `fav_post_id`) VALUES ('2', '16', '17');
INSERT INTO `favourites` (`id`, `post_id`, `fav_post_id`) VALUES ('3', '23', '16');
INSERT INTO `favourites` (`id`, `post_id`, `fav_post_id`) VALUES ('4', '23', '17');
INSERT INTO `favourites` (`id`, `post_id`, `fav_post_id`) VALUES ('5', '17', '16');
INSERT INTO `favourites` (`id`, `post_id`, `fav_post_id`) VALUES ('6', '17', '23');
INSERT INTO `favourites` (`id`, `post_id`, `fav_post_id`) VALUES ('7', '16', '23');
INSERT INTO `favourites` (`id`, `post_id`, `fav_post_id`) VALUES ('8', '24', '16');
INSERT INTO `favourites` (`id`, `post_id`, `fav_post_id`) VALUES ('9', '24', '17');
INSERT INTO `favourites` (`id`, `post_id`, `fav_post_id`) VALUES ('10', '24', '23');
INSERT INTO `favourites` (`id`, `post_id`, `fav_post_id`) VALUES ('11', '23', '24');
INSERT INTO `favourites` (`id`, `post_id`, `fav_post_id`) VALUES ('12', '17', '24');
INSERT INTO `favourites` (`id`, `post_id`, `fav_post_id`) VALUES ('13', '16', '24');
INSERT INTO `favourites` (`id`, `post_id`, `fav_post_id`) VALUES ('14', '25', '16');
INSERT INTO `favourites` (`id`, `post_id`, `fav_post_id`) VALUES ('15', '25', '17');
INSERT INTO `favourites` (`id`, `post_id`, `fav_post_id`) VALUES ('16', '25', '23');
INSERT INTO `favourites` (`id`, `post_id`, `fav_post_id`) VALUES ('17', '26', '17');
INSERT INTO `favourites` (`id`, `post_id`, `fav_post_id`) VALUES ('18', '26', '23');
INSERT INTO `favourites` (`id`, `post_id`, `fav_post_id`) VALUES ('19', '26', '25');
INSERT INTO `favourites` (`id`, `post_id`, `fav_post_id`) VALUES ('20', '27', '24');
INSERT INTO `favourites` (`id`, `post_id`, `fav_post_id`) VALUES ('21', '27', '25');
INSERT INTO `favourites` (`id`, `post_id`, `fav_post_id`) VALUES ('22', '27', '26');
INSERT INTO `favourites` (`id`, `post_id`, `fav_post_id`) VALUES ('23', '28', '25');
INSERT INTO `favourites` (`id`, `post_id`, `fav_post_id`) VALUES ('24', '28', '26');
INSERT INTO `favourites` (`id`, `post_id`, `fav_post_id`) VALUES ('25', '28', '27');
INSERT INTO `favourites` (`id`, `post_id`, `fav_post_id`) VALUES ('26', '29', '17');
INSERT INTO `favourites` (`id`, `post_id`, `fav_post_id`) VALUES ('27', '29', '26');
INSERT INTO `favourites` (`id`, `post_id`, `fav_post_id`) VALUES ('28', '29', '27');
INSERT INTO `favourites` (`id`, `post_id`, `fav_post_id`) VALUES ('29', '17', '25');

INSERT INTO `member_languages` (`id`, `member_id`, `language`, `title`, `sub_title`, `meta_desc`, `created_at`, `updated_at`) VALUES ('1', '1', 'ge', 'დავით აფციაური', 'ანალიტიკოსი', NULL, '2019-06-14 07:29:50', '2019-06-14 07:29:50');
INSERT INTO `member_languages` (`id`, `member_id`, `language`, `title`, `sub_title`, `meta_desc`, `created_at`, `updated_at`) VALUES ('2', '1', 'en', 'დავით აფციაური', 'ანალიტიკოსი', NULL, '2019-06-14 07:29:50', '2019-06-14 07:29:50');

INSERT INTO `members` (`id`, `collection_id`, `position`, `visible`, `image`, `created_at`, `updated_at`) VALUES ('1', '5', '1', '1', 'http://ekimo.devmobility.com/files/uploads/images/team-member-1.png', '2019-06-14 07:29:50', '2019-06-14 07:29:50');

INSERT INTO `menus` (`id`, `main`, `title`, `description`, `created_at`, `updated_at`) VALUES ('1', '1', 'მთავარი გვერდები', 'მთავარი გვერდების სია', '2019-06-07 07:08:50', NULL);
INSERT INTO `menus` (`id`, `main`, `title`, `description`, `created_at`, `updated_at`) VALUES ('2', '0', 'footer', NULL, '2019-06-19 05:37:43', '2019-06-19 05:37:43');
INSERT INTO `menus` (`id`, `main`, `title`, `description`, `created_at`, `updated_at`) VALUES ('3', '0', 'others', NULL, '2019-08-20 13:20:10', '2019-08-20 13:20:10');

INSERT INTO `migrations` (`id`, `migration`, `batch`) VALUES ('1', '2016_07_10_200050_create_cms_users_table', '1');
INSERT INTO `migrations` (`id`, `migration`, `batch`) VALUES ('2', '2016_07_10_200120_create_permissions_table', '1');
INSERT INTO `migrations` (`id`, `migration`, `batch`) VALUES ('3', '2016_07_10_200140_create_users_table', '1');
INSERT INTO `migrations` (`id`, `migration`, `batch`) VALUES ('4', '2016_07_10_201550_create_menus_table', '1');
INSERT INTO `migrations` (`id`, `migration`, `batch`) VALUES ('5', '2016_07_10_201600_create_collections_table', '1');
INSERT INTO `migrations` (`id`, `migration`, `batch`) VALUES ('6', '2016_07_10_202000_create_pages_table', '1');
INSERT INTO `migrations` (`id`, `migration`, `batch`) VALUES ('7', '2016_07_10_202200_create_catalog_table', '1');
INSERT INTO `migrations` (`id`, `migration`, `batch`) VALUES ('8', '2016_07_10_202500_create_articles_table', '1');
INSERT INTO `migrations` (`id`, `migration`, `batch`) VALUES ('9', '2016_07_10_202600_create_faq_table', '1');
INSERT INTO `migrations` (`id`, `migration`, `batch`) VALUES ('10', '2016_07_10_203005_create_galleries_table', '1');
INSERT INTO `migrations` (`id`, `migration`, `batch`) VALUES ('11', '2016_07_10_203100_create_photos_table', '1');
INSERT INTO `migrations` (`id`, `migration`, `batch`) VALUES ('12', '2016_07_10_203150_create_videos_table', '1');
INSERT INTO `migrations` (`id`, `migration`, `batch`) VALUES ('13', '2016_07_10_203320_create_files_table', '1');
INSERT INTO `migrations` (`id`, `migration`, `batch`) VALUES ('14', '2016_07_10_203410_create_slider_table', '1');
INSERT INTO `migrations` (`id`, `migration`, `batch`) VALUES ('15', '2016_07_10_204280_create_cms_settings_table', '1');
INSERT INTO `migrations` (`id`, `migration`, `batch`) VALUES ('16', '2016_07_10_204290_create_web_settings_table', '1');
INSERT INTO `migrations` (`id`, `migration`, `batch`) VALUES ('17', '2016_07_10_204305_create_translations_table', '1');
INSERT INTO `migrations` (`id`, `migration`, `batch`) VALUES ('18', '2016_07_10_204855_create_calendar_table', '1');
INSERT INTO `migrations` (`id`, `migration`, `batch`) VALUES ('19', '2016_07_10_204890_create_notes_table', '1');
INSERT INTO `migrations` (`id`, `migration`, `batch`) VALUES ('20', '2016_07_10_202500_create_providers_table', '2');
INSERT INTO `migrations` (`id`, `migration`, `batch`) VALUES ('21', '2016_07_10_202500_create_members_table', '3');
INSERT INTO `migrations` (`id`, `migration`, `batch`) VALUES ('22', '2016_07_10_202500_create_categories_table', '4');
INSERT INTO `migrations` (`id`, `migration`, `batch`) VALUES ('23', '2019_12_09_071519_add_providers_coming_soon_field', '5');
INSERT INTO `migrations` (`id`, `migration`, `batch`) VALUES ('24', '2019_12_12_091938_add_web_settings_analytic_id', '6');

INSERT INTO `notes` (`id`, `title`, `description`, `content`, `created_at`, `updated_at`) VALUES ('1', 'სათაური', 'მოკლე აღწერა', 'სათაური\nმოკლე აღწერა\nვრცელი ტექსტი...', '2019-06-07 07:08:50', NULL);

INSERT INTO `page_languages` (`id`, `page_id`, `language`, `title`, `short_title`, `description`, `content`, `meta_desc`, `proDescription`, `proTitle`, `proTitle1`, `proTitle2`, `formTitle`, `created_at`, `updated_at`) VALUES ('3', '2', 'ge', 'კონფიდენციალურობის პოლიტიკა', 'კონფიდენციალურობის პოლიტიკა', NULL, '<p>JSC VABACO (&ldquo;us&rdquo;, &ldquo;we&rdquo;, &ldquo;VABACO&rdquo; or &ldquo;EKIMO&rdquo;) is the author and publisher of the mobile application &lsquo;EKIMO&rsquo;.</p>\r\n<p>&nbsp;</p>\r\n<p>&nbsp;</p>\r\n<p>This privacy policy (\"<strong>Privacy Policy</strong>\") explains how we collect, use, share, disclose and protect Personal information about the End-Users of the application &lsquo;EKIMO&rsquo;. We created this Privacy Policy to demonstrate our commitment to the protection of your privacy and your personal information. Your use of and access to the Services is subject to this Privacy Policy and our Terms of Use. Any capitalized term used but not defined in this Privacy Policy shall have the meaning attributed to it in our Terms of Use.</p>\r\n<p>BY USING THE SERVICES OR BY OTHERWISE GIVING US YOUR INFORMATION, YOU WILL BE DEEMED TO HAVE READ, UNDERSTOOD AND AGREED TO THE PRACTICES AND POLICIES OUTLINED IN THIS PRIVACY POLICY AND AGREE TO BE BOUND BY THE PRIVACY POLICY. YOU HEREBY CONSENT TO OUR COLLECTION, USE AND SHARING, DISCLOSURE OF YOUR INFORMATION AS DESCRIBED IN THIS PRIVACY POLICY. WE RESERVE THE RIGHT TO CHANGE, MODIFY, ADD OR DELETE PORTIONS OF THE TERMS OF THIS PRIVACY POLICY, AT OUR SOLE DISCRETION, AT ANY TIME. IF YOU DO NOT AGREE WITH THIS PRIVACY POLICY AT ANY TIME, DO NOT USE ANY OF THE SERVICES OR GIVE US ANY OF YOUR INFORMATION. BY REGISTERING IN &ldquo;EKIMO&rdquo; YOU AGREE THAT YOU WILL NOT USE THE SERVICES ON BEHALF OF SOMEONE ELSE (SUCH AS YOUR CHILD) OR AN ENTITY (SUCH AS YOUR EMPLOYER), BUT ONLY USE IT FOR YOURSELF.</p>\r\n<ul>\r\n<li>\r\n<h4><strong>1.WHY THIS PRIVACY POLICY?</strong></h4>\r\n</li>\r\n<li>This Privacy Policy states the following:</li>\r\n<ul>\r\n<li>The type of information collected from the Users.</li>\r\n<li>The purpose, means and modes of collection, usage, processing, retention and destruction of such information; and</li>\r\n<li>How and to whom EKIMO will disclose such information.</li>\r\n</ul>\r\n<li>\r\n<h4><strong>2.COLLECTION OF PERSONAL INFORMATION</strong></h4>\r\n</li>\r\n<li>Generally some of the Services require us to know who you are so that we can best meet your needs. When you access the Services, or through any interaction with us via emails, telephone calls or other correspondence, we may ask you to voluntarily provide us with certain information that personally identifies you or could be used to personally identify you. You hereby consent to the collection of such information by EKIMO. Without prejudice to the generality of the above, information collected by us from you may include (but is not limited to) the following:</li>\r\n<ul>\r\n<li>personal data (such as your name, surname and your pin (ID) code)</li>\r\n<li>contact data (such as your email address and phone number);</li>\r\n<li>demographic data (such as your gender and your date of birth);</li>\r\n<li>data regarding your usage of the services and history of the appointments made by or with you through the use of Services;</li>\r\n<li>insurance data (such as your insurance carrier and insurance plan);</li>\r\n<li>other information that you voluntarily choose to provide to us (such as your address, medical information (height, weight, blood type and allergies), emergency contact information (name, surname, relation type, mob. phone number and e-mail) and information shared by you with us through emails or letters.</li>\r\n</ul>\r\n<li>EKIMO will be free to use, collect and disclose information that is freely available in the public domain without your consent.</li>\r\n<li>\r\n<h4><strong>3.PRIVACY STATEMENTS</strong></h4>\r\n</li>\r\n<ul>\r\n<li><strong>3.1</strong>ALL USERS NOTE:</li>\r\n<li>This section applies to all users.</li>\r\n<ul>\r\n<li><strong>3.1.1</strong>Accordingly, a condition of each User&rsquo;s use of and access to the Services is their acceptance of the Terms of Use, which also involves acceptance of the terms of this Privacy Policy. Any User that does not agree with any provisions of the same has the option to discontinue the Services provided by EKIMO immediately by contacting us on support@ekimo.ge</li>\r\n<li><strong>3.1.3</strong>All the information provided to EKIMO by a User is voluntary. You understand that EKIMO may use certain information of yours (a) for the purpose of providing you the Services, (b) for commercial purposes and in an aggregated or non-personally identifiable form for research, statistical analysis and business intelligence purposes, (c) for sale or transfer of such research, statistical or intelligence data in an aggregated or non-personally identifiable form to third parties and affiliates (d) for communication purpose so as to provide You a better way of booking appointments and for obtaining feedback in relation to the Practitioners and their practice, (e) debugging customer support related issues.. (f) for the purpose of contacting you to complete any transaction if you do not complete a transaction after having provided us with your contact information in the course of completing such steps that are designed for completion of the transaction. EKIMO also reserves the right to use information provided by or about the End-User for the following purposes:</li>\r\n<ul>\r\n<li>Publishing such information on the Website.</li>\r\n<li>Contacting End-Users for offering new products or services.</li>\r\n<li>Contacting End-Users for taking product and Service feedback.</li>\r\n<li>Analyzing software usage patterns for improving product design and utility.</li>\r\n<li>Analyzing anonymized practice information for commercial use.</li>\r\n<li><strong>3.1.4&nbsp;</strong>If you have voluntarily provided your Personal Information to EKIMO for any of the purposes stated above, you hereby consent to such collection and use of such information by EKIMO.</li>\r\n</ul>\r\n<li><strong>3.1.5&nbsp;</strong>EKIMO does not control or endorse the content, messages or information found in any Services and, therefore, EKIMO specifically disclaims any liability with regard to the Services and any actions resulting from your participation in any Services, and you agree that you waive any claims against EKIMO relating to same, and to the extent such waiver may be ineffective, you agree to release any claims against EKIMO relating to the same.</li>\r\n<li><strong>3.1.6&nbsp;</strong>You are responsible for maintaining the accuracy of the information you submit to us, such as your contact information provided as part of account registration. If your personal information changes, you may correct, delete inaccuracies, or amend information by making the change in the EKIMO app. We will make good faith efforts to make requested changes in our then active databases as soon as reasonably practicable. If you provide any information that is untrue, inaccurate, out of date or incomplete (or becomes untrue, inaccurate, out of date or incomplete), or EKIMO has reasonable grounds to suspect that the information provided by you is untrue, inaccurate, out of date or incomplete, EKIMO may, at its sole discretion, discontinue the provision of the Services to you. There may be circumstances where EKIMO will not correct, delete or update your Personal Data, including (a) where the Personal Data is opinion data that is kept solely for evaluative purpose; and (b) the Personal Data is in documents related to a prosecution if all proceedings relating to the prosecution have not been completed.</li>\r\n<li><strong>3.1.7&nbsp;</strong>If you wish to cancel your account or request that we no longer use your information to provide you Services, contact us through &nbsp;support@ekimo.ge. We will retain your information for as long as your account with the Services is active and as needed to provide you the Services. We shall not retain such information for longer than is required for the purposes for which the information may lawfully be used or is otherwise required under any other law for the time being in force. After a period of time, your data may be anonymized and aggregated, and then may be held by us as long as necessary for us to provide our Services effectively, but our use of the anonymized data will be solely for analytic purposes. Please note that your withdrawal of consent, or cancellation of account may result in EKIMO being unable to provide you with its Services or to terminate any existing relationship EKIMO may have with you.</li>\r\n<li><strong>3.1.8&nbsp;</strong>If you wish to opt-out of receiving non-essential communications such as promotional and marketing-related information regarding the Services, please send us an email at support@ekimo.ge.</li>\r\n<li><strong>3.1.9&nbsp;</strong>EKIMO may require the User to pay with a credit card, or debit card for Services for which amount(s) is/are payable. EKIMO will collect information such User&rsquo;s credit card&rsquo;s first and last 4 digits and card owner information (name and surname) in the app. Verification of credit information is accomplished solely by the User through the authentication process. User&rsquo;s credit-card/debit card details are transacted upon secure sites of approved payment gateways which are digitally under encryption, thereby providing the highest possible degree of care as per current technology.</li>\r\n<li><strong>3.1.10&nbsp;</strong>Due to the communications standards on the Internet, when a User or the End-User or anyone who visits the application, EKIMO receives the Internet Protocol (IP) address of each User&rsquo;s device (or the proxy server a User used to access the World Wide Web), User&rsquo;s device&rsquo;s operating system and email patterns, as well as the name of User&rsquo;s ISP. This information is used to analyze overall trends to help EKIMO improve its Service. The linkage between User&rsquo;s IP address and User&rsquo;s personally identifiable information is not shared with or disclosed to third parties. Notwithstanding the above, EKIMO may share and/or disclose some of the aggregate findings (not the specific data) in anonymized form (i.e., non-personally identifiable) with advertisers, sponsors, investors, strategic partners, and others in order to help grow its business.</li>\r\n<li><strong>3.1.12</strong>&nbsp;User has a limited access to the application without creating an account in the application. In order to have access to the basic features and benefits in our application, a User must first create an account in our application. To create an account, a User is required to provide the following information, which such User recognizes and expressly acknowledges is Personal Information allowing others, including EKIMO, to identify the User: name, surname, date of birth, mob. phone number, email address and password chosen by the User. In order to have access to all the features of the application user may be required to provide pin/id number, issuing country of said pin/id number. In order to pay in advance for doctor&rsquo;s consultation user will be required to provide credit/debit card data in a secure third party payment system.</li>\r\n<li><strong>3.1.13&nbsp;</strong>This Privacy Policy applies to Services that are owned and operated by EKIMO. EKIMO does not exercise control over the sites displayed as search results or links from within its Services. These other sites may place their own cookies or other files on the Users&rsquo; computer, collect data or solicit personal information from the Users, for which EKIMO is not responsible or liable. Accordingly, EKIMO does not make any representations concerning the privacy practices or policies of such third parties or terms of use of such websites, nor does EKIMO guarantee the accuracy, integrity, or quality of the information, data, text, software, sound, photographs, graphics, videos, messages or other materials available on such websites. The inclusion or exclusion does not imply any endorsement by EKIMO of the website, the website\'s provider, or the information on the website. If you decide to visit a third party website linked to the Website, you do this entirely at your own risk. EKIMO encourages the User to read the privacy policies of that website.</li>\r\n<li><strong>3.1.15&nbsp;</strong>EKIMO does not collect information about the visitors of the Website from other sources, such as public records or bodies, or private organisations, save and except for the purposes of registration of the Users (the collection, use, storage and disclosure of which each End User must agree to under the Terms of Use in order for EKIMO to effectively render the Services).</li>\r\n<li><strong>3.1.18&nbsp;</strong>EKIMO implements reasonable security practices and procedures and has a comprehensive documented information security programme and information security policies that contain managerial, technical, operational and physical security control measures that are commensurate with respect to the information being collected and the nature of EKIMO&rsquo;s business.</li>\r\n<li><strong>3.1.19&nbsp;</strong>EKIMO takes your right to privacy very seriously and other than as specifically stated in this Privacy Policy, will only disclose your Personal Information in the event it is required to do so by law, rule, regulation, law enforcement agency, governmental official, legal authority or similar requirements or when EKIMO, in its sole discretion, deems it necessary in order to protect its rights or the rights of others, to prevent harm to persons or property, to fight fraud and credit risk, or to enforce or apply the Terms of Use.</li>\r\n</ul>\r\n<li><strong>3.2</strong>END-USERS NOTE:</li>\r\n<li>This section applies to all End-Users.</li>\r\n<ul>\r\n<li><strong>3.2.1</strong>As part of the registration/application creation and submission process that is available to End-Users in this application, certain information is collected from the End-Users.</li>\r\n<li><strong>3.2.2</strong>All the statements in this Privacy Policy apply to all End-Users, and all End-Users are therefore required to read and understand the privacy statements set out herein prior to submitting any information to EKIMO, failing which they are required to leave the EKIMO immediately.</li>\r\n<li><strong>3.2.3</strong>If you have inadvertently submitted any such information to EKIMO prior to reading the privacy statements set out herein, and you do not agree with the manner in which such information is collected, processed, stored, used or disclosed, then you may access, modify and delete such information by sending an email to privacy@ekimo.ge, inquire whether EKIMO is in possession of your personal data, and you may also require EKIMO to delete and destroy all such information.</li>\r\n<li><strong>3.2.4</strong>End-Users&rsquo; personally identifiable information, which they choose to provide in the application is used to help the End-Users describe/identify themselves. Other information that does not personally identify the End-Users as an individual, is collected by EKIMO from End-Users (such as, patterns of utilization described above) and is exclusively owned by EKIMO. EKIMO may also use such information in an aggregated or non-personally identifiable form for research, statistical analysis and business intelligence purposes, and may sell or otherwise transfer such research, statistical or intelligence data in an aggregated or non-personally identifiable form to third parties and affiliates. In particular, EKIMO reserves with it the right to use anonymized End-User demographics information and anonymized End-User health information for the following purposes:</li>\r\n<ul>\r\n<li>Analyzing software usage patterns for improving product design and utility.</li>\r\n<li>Analyzing such information for research and development of new technologies.</li>\r\n<li>Using analysis of such information in other commercial product offerings of EKIMO.</li>\r\n<li>Sharing analysis of such information with third parties for commercial use.</li>\r\n</ul>\r\n<li><strong>3.2.5</strong>&nbsp;EKIMO will communicate with the End-Users through email, phone and notices posted on the Website or through other means available through the service, including text and other forms of messaging. The End-Users can change their e-mail and contact preferences at any time by logging into their \"Account\" in the EKIMO application and changing the account settings.</li>\r\n<li><strong>3.2.6</strong>At times, EKIMO conducts a User survey to collect information about End-Users\' preferences. These surveys are optional and if End-Users choose to respond, their responses will be kept anonymous. Similarly, EKIMO may offer contests to qualifying End-Users in which we ask for contact and demographic information such as name, email address and mailing address. The demographic information that EKIMO collects in the registration process and through surveys is used to help EKIMO improve its Services to meet the needs and preferences of End-Users.</li>\r\n<li><strong>3.2.7&nbsp;</strong>EKIMO may keep records of electronic communications and telephone calls received and made for making appointments or other purposes for the purpose of administration of Services, customer support, research and development and for better listing of Practitioners.</li>\r\n<li><strong>3.2.8&nbsp;</strong>All EKIMO employees and data processors, who have access to, and are associated with the processing of sensitive personal data or information, are obliged to respect the confidentiality of every End-Users&rsquo; personal information. EKIMO has put in place procedures and technologies as per good industry practices and in accordance with the applicable laws, to maintain security of all personal data from the point of collection to the point of destruction. Any third-party data processor to which EKIMO transfers Personal Data shall have to agree to comply with those procedures and policies, or put in place adequate measures on their own.</li>\r\n<li><strong>3.2.9&nbsp;</strong>EKIMO may also disclose or transfer End-Users&rsquo; personal and other information provided by a User, to a third party as part of reorganization or a sale of the assets of a EKIMO corporation division or company. Any third party to which EKIMO transfers or sells its assets to will have the right to continue to use the personal and other information that End-Users provide to us, in accordance with the Terms of Use</li>\r\n<li><strong>3.2.10&nbsp;</strong>To the extent necessary to provide End-Users with the Services, EKIMO may provide their Personal Information to third party contractors who work on behalf of or with EKIMO to provide End-Users with such Services, to help EKIMO communicate with End-Users or to maintain the application. Generally these contractors do not have any independent right to share this information, however certain contractors who provide services in the application may use and disclose the personal information collected in connection with the provision of these Services in accordance with their own privacy policies. In such circumstances, you consent to us disclosing your Personal Information to contractors, solely for the intended purposes only.</li>\r\n</ul>\r\n<li><strong>4.CONFIDENTIALITY AND SECURITY</strong></li>\r\n<li><strong>4.1</strong>Your Personal Information is maintained by EKIMO in electronic form on its equipment, and on the equipment of its employees. Such information may also be converted to physical form from time to time. EKIMO takes all necessary precautions to protect your personal information both online and off-line, and implements reasonable security practices and measures including certain managerial, technical, operational and physical security control measures that are commensurate with respect to the information being collected and the nature of EKIMO&rsquo;s business.</li>\r\n<li><strong>4.2</strong>No administrator at EKIMO will have knowledge of your password. It is important for you to protect against unauthorized access to your password, your computer and your mobile phone. Be sure to log off from the application when finished. EKIMO does not undertake any liability for any unauthorised use of your account and password. If you suspect any unauthorized use of your account, you must immediately notify EKIMO by sending an email to support@ekimo.ge You shall be liable to indemnify EKIMO due to any loss suffered by it due to such unauthorized use of your account and password.</li>\r\n<li><strong>4.3&nbsp;</strong>EKIMO makes all User information accessible to its employees, agents or partners and third parties only on a need-to-know basis, and binds only its employees to strict confidentiality obligations.</li>\r\n<li><strong>4.4&nbsp;</strong>Part of the functionality of EKIMO is assisting the doctors to maintain and organise such information. EKIMO may, therefore, retain and submit all such records to the appropriate authorities, or to doctors who request access to such information.</li>\r\n<li><strong>4.5&nbsp;</strong>Part of the functionality of the EKIMO is assisting the patients to access information relating to them. EKIMO may, therefore, retain and submit all such records to the relevant patients, or to their doctors.</li>\r\n<li><strong>4.6&nbsp;</strong>Notwithstanding the above, EKIMO is not responsible for the confidentiality, security or distribution of your Personal Information by our partners and third parties outside the scope of our agreement with such partners and third parties. Further, EKIMO shall not be responsible for any breach of security or for any actions of any third parties or events that are beyond the reasonable control of EKIMO including but not limited to, acts of government, computer hacking, unauthorised access to computer data and storage device, computer crashes, breach of security and encryption, poor quality of Internet service or telephone service of the User etc.</li>\r\n</ul>\r\n<li>\r\n<h4><strong>5.CHANGE TO PRIVACY POLICY</strong></h4>\r\n</li>\r\n<li>EKIMO may update this Privacy Policy at any time, with or without advance notice. In the event there are significant changes in the way EKIMO treats User&rsquo;s personally identifiable information, or in the Privacy Policy itself, EKIMO will display a notice on the Website and in the application or send Users an email, as provided for above, so that you may review the changed terms prior to continuing to use the Services. As always, if you object to any of the changes to our terms, and you no longer wish to use the Services, you may contact support@ekimo.ge to deactivate your account. Unless stated otherwise, EKIMO&rsquo;s current Privacy Policy applies to all information that EKIMO has about you and your account.</li>\r\n<li>If a User uses the Services or accesses the application after a notice of changes has been sent to such User or published on the Website or application, such User hereby provides his/her/its consent to the changed terms.</li>\r\n<li>\r\n<h4><strong>6.CONSENT TO THIS POLICY</strong></h4>\r\n</li>\r\n<li>You acknowledge that this Privacy Policy is a part of the Terms of Use of the application and the other Services, and you unconditionally agree that becoming a User of the application and its Services signifies your (i) assent to this Privacy Policy, and (ii) consent to EKIMO using, collecting, processing and/or disclosing your Personal Information in the manner and for the purposes set out in this Privacy Policy. Your visit in the EKIMO application and use of the Services is subject to this Privacy Policy and the Terms of Use.</li>\r\n<li>\r\n<h4><strong>7.ADDRESS FOR PRIVACY QUESTIONS</strong></h4>\r\n</li>\r\n<li>Should you have questions about this Privacy Policy or EKIMO&rsquo;s information collection, use and disclosure practices, you may contact us via e-mail, phone or post. We will use reasonable efforts to respond promptly to any requests, questions or concerns, which you may have regarding our use of your personal information. If you have any grievance with respect to our use of your information, you may contact us:<br /><br /></li>\r\n<li>JSC VABACO</li>\r\n<li>88/15 Vakhtang Bochorishvili Str.,</li>\r\n<li>Tbilisi, Georgia</li>\r\n<li>Phone: +995 322 10 88 10</li>\r\n<li>Email: support@ekimo.ge</li>\r\n</ul>\r\n<p>&nbsp;</p>', NULL, NULL, NULL, NULL, NULL, NULL, '2019-06-14 07:49:21', '2020-01-10 13:16:46');
INSERT INTO `page_languages` (`id`, `page_id`, `language`, `title`, `short_title`, `description`, `content`, `meta_desc`, `proDescription`, `proTitle`, `proTitle1`, `proTitle2`, `formTitle`, `created_at`, `updated_at`) VALUES ('4', '2', 'en', 'აპლიკაციის შესახებ', 'აპლიკაციის შესახებ', NULL, '<p>საბეჭდი და ტიპოგრაფიული ინდუსტრიის უშინაარსო ტექსტია. იგი სტანდარტად 1500-იანი წლებიდან იქცა, როდესაც უცნობმა მბეჭდავმა ამწყობ დაზგაზე წიგნის საცდელი ეგზემპლარი დაბეჭდა. მისი ტექსტი არამარტო 5 საუკუნის მანძილზე შემორჩა, არამედ მან დღემდე, ელექტრონული ტიპოგრაფიის დრომდეც უცვლელად მოაღწია. განსაკუთრებული პოპულარობა მას 1960-იან წლებში გამოსულმა Letraset-ის ცნობილმა ტრაფარეტებმა მოუტანა, უფრო მოგვიანებით კი &mdash; Aldus PageMaker-ის ტიპის საგამომცემლო პროგრამებმა, რომლებშიც Lorem Ipsum-ის სხვადასხვა ვერსიები იყო ჩაშენებული.&nbsp;<br />რატომ ვიყენებთ მას? ცნობილი ფაქტია, რომ გვერდის წაკითხვად შიგთავსს შეუძლია მკითხველის ყურადღება მიიზიდოს და დიზაინის აღქმაში ხელი შეუშალოს. Lorem Ipsum-ის გამოყენებით ვღებულობთ იმაზე მეტ-ნაკლებად სწორი გადანაწილების ტექსტს, ვიდრე ერთიდაიგივე გამეორებადი სიტყვებია ხოლმე. შედეგად, ტექსტი ჩვეულებრივ ინგლისურს გავს, მისი წაითხვა კი შეუძლებელია. დღეს უამრავი პერსონალური საგამომცემლო პროგრამა და ვებგვერდი იყენებს Lorem Ipsum-ს, როგორც დროებით ტექსტს წყობის შესავსებად; Lorem Ipsum-ის მოძებნისას კი საძიებო სისტემები ბევრ დაუსრულებელ გვერდს გვიჩვენებენ. წლების მანძილზე ამ ტექსტის უამრავი ვერსია გამოჩნდა, ზოგი შემთხვევით დაშვებული შეცდომის გამო, ზოგი კი &mdash; განზრახ, ხუმრობით.</p>', NULL, NULL, NULL, NULL, NULL, NULL, '2019-06-14 07:49:21', '2019-12-06 10:58:13');
INSERT INTO `page_languages` (`id`, `page_id`, `language`, `title`, `short_title`, `description`, `content`, `meta_desc`, `proDescription`, `proTitle`, `proTitle1`, `proTitle2`, `formTitle`, `created_at`, `updated_at`) VALUES ('5', '3', 'ge', 'ბლოგი', 'ბლოგი', '<p>სხვა სიახლეები</p>', NULL, NULL, NULL, NULL, NULL, NULL, NULL, '2019-06-14 09:28:44', '2019-12-16 09:50:58');
INSERT INTO `page_languages` (`id`, `page_id`, `language`, `title`, `short_title`, `description`, `content`, `meta_desc`, `proDescription`, `proTitle`, `proTitle1`, `proTitle2`, `formTitle`, `created_at`, `updated_at`) VALUES ('6', '3', 'en', 'BLOG', 'BLOG', NULL, NULL, NULL, NULL, NULL, NULL, NULL, NULL, '2019-06-14 09:28:44', '2019-12-06 13:54:55');
INSERT INTO `page_languages` (`id`, `page_id`, `language`, `title`, `short_title`, `description`, `content`, `meta_desc`, `proDescription`, `proTitle`, `proTitle1`, `proTitle2`, `formTitle`, `created_at`, `updated_at`) VALUES ('7', '4', 'ge', 'როგორ მუშაობს', 'როგორ მუშაობს', NULL, NULL, NULL, NULL, NULL, NULL, NULL, NULL, '2019-06-19 03:24:16', '2019-07-09 06:00:29');
INSERT INTO `page_languages` (`id`, `page_id`, `language`, `title`, `short_title`, `description`, `content`, `meta_desc`, `proDescription`, `proTitle`, `proTitle1`, `proTitle2`, `formTitle`, `created_at`, `updated_at`) VALUES ('8', '4', 'en', 'HOW IT WORKS', 'HOW IT WORKS', NULL, NULL, NULL, NULL, NULL, NULL, NULL, NULL, '2019-06-19 03:24:16', '2019-12-06 13:38:24');
INSERT INTO `page_languages` (`id`, `page_id`, `language`, `title`, `short_title`, `description`, `content`, `meta_desc`, `proDescription`, `proTitle`, `proTitle1`, `proTitle2`, `formTitle`, `created_at`, `updated_at`) VALUES ('9', '5', 'ge', 'მოხმარების წესები და პირობები', 'მოხმარების წესები და პირობები', NULL, '<p>JSC Vabaco (<strong>&ldquo;Vabaco&rdquo;</strong>) is the author and publisher of the mobile application &ldquo;EKIMO&ldquo; (&ldquo;EKIMO&rdquo;, &ldquo;Application&rdquo;).</p>\r\n<ul>\r\n<li>\r\n<h4><strong>1.NATURE AND APPLICABILITY OF TERMS</strong></h4>\r\n</li>\r\n<li>Please carefully go through these terms and conditions&nbsp;<strong>(&ldquo;Terms&rdquo;)</strong>&nbsp;and the privacy policy available at our website https://www.ekimo.ge&nbsp;<strong>(&ldquo;Privacy Policy&rdquo;)</strong>before you decide to access the application or avail the services made available in the application by Vabaco. These Terms and the Privacy Policy together constitute a legal agreement&nbsp;<strong>(&ldquo;Agreement&rdquo;)</strong>&nbsp;between you and Vabaco in connection with your usage of the application and your use of the Services (as defined below).</li>\r\n<li>The Agreement applies to you if you are:</li>\r\n<ul>\r\n<li>A patient, his/her representatives or affiliates, using EKIMO&rsquo;s services&nbsp;<strong>(&ldquo;End-User&rdquo;, &ldquo;you&rdquo; or &ldquo;User&rdquo;);</strong></li>\r\n</ul>\r\n<li>This Agreement applies to those services made available by EKIMO in the application, which are offered free of charge to the Users&nbsp;<strong>(&ldquo;Services&rdquo;)</strong>, including the following:</li>\r\n<ul>\r\n<li>For other Users: Facility to (i) create and maintain &lsquo;Health Accounts&rsquo;, (ii) search for Practitioners by name, specialty, and geographical area, or any other criteria that may be developed and made available by EKIMO, (iii) to make appointments with Practitioners, (iv) search for medicines in batch, (v) receive e-documents from EKIMO&rsquo;s service providers (vi) receive insurance policy cards &nbsp;and loyalty cards</li>\r\n</ul>\r\n<li>The Services may change from time to time, at the sole discretion of EKIMO, and the Agreement will apply to your visit to and your use of the application to avail the Service, as well as to all information provided by you in the application at any given point in time.</li>\r\n<li>This Agreement defines the terms and conditions under which you are allowed to use the application and describes the manner in which we shall treat your account while you are registered as a member with us. If you have any questions about any part of the Agreement, feel free to contact us at support@ekimo.ge</li>\r\n<li>By downloading the application to use the Services, you irrevocably accept all the conditions stipulated in this Agreement, the Subscription Terms of Service and Privacy Policy, as available on the EKIMO&rsquo;s website, and agree to abide by them. This Agreement supersedes all previous oral and written terms and conditions (if any) communicated to you relating to your use of the application to avail the Services. By availing any Service, you signify your acceptance of the terms of this Agreement.</li>\r\n<li>We reserve the right to modify or terminate any portion of the Agreement for any reason and at any time, and such modifications shall be informed to you in writing You should read the Agreement at regular intervals. Your use of the application following any such modification constitutes your agreement to follow and be bound by the Agreement so modified.</li>\r\n<li>You acknowledge that you will be bound by this Agreement for availing any of the Services offered by us. If you do not agree with any part of the Agreement, please do not use the application or avail any Services.</li>\r\n<li>Your access to use of the application and the Services will be solely at the discretion of EKIMO.<br /><br /></li>\r\n<li>\r\n<h4><strong>2.CONDITIONS OF USE</strong></h4>\r\n</li>\r\n<li>You must be 16 years of age or older to register, use the Services, or visit or use the application in any manner. By registering, visiting and using the application or accepting this Agreement, you represent and warrant to EKIMO that you are 16 years of age or older, and that you have the right, authority and capacity to use the application and the Services available through the application, and agree to and abide by this Agreement.</li>\r\n<li>\r\n<h4><strong>3.TERMS OF USE APPLICABLE TO ALL USERS</strong></h4>\r\n</li>\r\n<ul>\r\n<li><strong>3.1</strong>END-USER ACCOUNT AND DATA PRIVACY</li>\r\n<ul>\r\n<li><strong>3.1.1</strong>&nbsp;EKIMO may by its Services, collect information relating to the devices through which you access in the application, and anonymous data of your usage. The collected information will be used only for improving the quality of EKIMO&rsquo;s services and to build new services.</li>\r\n<li><strong>3.1.2</strong>&nbsp;The application allows EKIMO to have access to registered Users&rsquo; personal email or phone number, for communication purpose so as to provide you a better way of booking appointments and for obtaining feedback in relation to the Practitioners and their practice.</li>\r\n<li><strong>3.1.3</strong>&nbsp;The Privacy Policy sets out,&nbsp;<em>inter-alia</em>:</li>\r\n<ul>\r\n<li>The type of information collected from Users, including sensitive personal data or information;</li>\r\n<li>The purpose, means and modes of usage of such information;</li>\r\n<li>How and to whom EKIMO will disclose such information;</li>\r\n</ul>\r\n<li><strong>3.1.4</strong>&nbsp;The User is expected to read and understand the Privacy Policy, so as to ensure that he or she has the knowledge of,&nbsp;<em>inter-alia</em>:</li>\r\n<ul>\r\n<li>the fact that certain information is being collected;</li>\r\n<li>the purpose for which the information is being collected;</li>\r\n<li>the intended recipients of the information;</li>\r\n<li>the nature of collection and retention of the information; and</li>\r\n<li>the name and address of the agency that is collecting the information and the agency that will retain the information; and</li>\r\n<li>the various rights available to such Users in respect of such information.</li>\r\n</ul>\r\n<li><strong>3.1.5</strong>&nbsp;EKIMO shall not be responsible in any manner for the authenticity of the personal information or sensitive personal data or information supplied by the User to EKIMO or to any other person acting on behalf of EKIMO.</li>\r\n<li><strong>3.1.6</strong>&nbsp;The User is responsible for maintaining the confidentiality of the User&rsquo;s account access information and password, if the User is registered in the application. The User shall be responsible for all usage of the User&rsquo;s account and password, whether or not authorized by the User. The User shall immediately notify EKIMO of any actual or suspected unauthorized use of the User&rsquo;s account or password. Although VABACO will not be liable for your losses caused by any unauthorized use of your account, you may be liable for the losses of VABACO such other parties as the case may be, due to any unauthorized use of your account.</li>\r\n<li><strong>3.1.7&nbsp;</strong>If a User provides any information that is untrue, inaccurate, not current or incomplete (or becomes untrue, inaccurate, not current or incomplete), or EKIMO has reasonable grounds to suspect that such information is untrue, inaccurate, not current or incomplete, EKIMO has the right to discontinue the Services to the User at its sole discretion.</li>\r\n<li><strong>3.1.8&nbsp;</strong>EKIMO may use such information collected from the Users from time to time for the purposes of debugging customer support related issues.</li>\r\n</ul>\r\n<li><strong>3.2</strong>RELEVANCE ALGORITHM</li>\r\n<li>EKIMO&rsquo;s relevance algorithm for the Practitioners is a fully automated system that lists the Practitioners, their profile and information regarding their Practice in the application. These listings of Practitioners do not represent any fixed objective ranking or endorsement by EKIMO. EKIMO will not be liable for any change in the relevance of the Practitioners on search results, which may take place from time to time. The listing of Practitioners will be based on automated computation of the various factors including inputs made by the Users including their comments and feedback. Such factors may change from time to time, in order to improve the listing algorithm. EKIMO in no event will be held responsible for the accuracy and the relevancy of the listing order of the Practitioners in the application.</li>\r\n<li><strong>3.3</strong>LISTING CONTENT AND DISSEMINATING INFORMATION</li>\r\n<ul>\r\n<li><strong>3.3.1&nbsp;</strong>EKIMO collects, directly or indirectly, and displays on the Website, relevant information regarding the profile and practice of the Practitioners listed in the application, such as their specialization, qualification, fees, location, visiting hours, and similar details. EKIMO takes reasonable efforts to ensure that such information is updated at frequent intervals. Although EKIMO screens and vets the information and photos submitted by the Practitioners, it cannot be held liable for any inaccuracies or incompleteness represented from it, despite such reasonable efforts. EKIMO does not take any responsibility and can not be held liable in case of inaccuracies or incompleteness in e-Documents or insurance policy cards or loyalty cards received by users in the application from EKIMO&rsquo;s service providers.</li>\r\n<li><strong>3.3.2&nbsp;</strong>The Services provided by EKIMO or any of its licensors or service providers are provided on an \"as is\" and &ldquo;as available&rsquo; basis, and without any warranties or conditions (express or implied, including the implied warranties of merchantability, accuracy, fitness for a particular purpose, title and non-infringement, arising by statute or otherwise in law or from a course of dealing or usage or trade). EKIMO does not provide or make any representation, warranty or guarantee, express or implied about the application or the Services. To the fullest extent permitted by law, EKIMO disclaims all liability arising out of the User&rsquo;s use or reliance upin the application, the Services, representations and warranties made by EKIMO&rsquo;s service providers.</li>\r\n<li><strong>3.3.3&nbsp;</strong>The application may be linked to the website of third parties, affiliates and business partners. EKIMO has no control over, and not liable or responsible for content, accuracy, validity, reliability, quality of such websites or made available by/through our application. Inclusion of any link in the application does not imply that EKIMO endorses the linked site. User may use the links and these services at User&rsquo;s own risk.</li>\r\n<li><strong>3.3.4&nbsp;</strong>EKIMO assumes no responsibility, and shall not be liable for, any damages to, or viruses that may infect User&rsquo;s equipment on account of User&rsquo;s access to, use of, or browsing the application or the downloading of any material, data, text, images, video content, or audio content from the application. If a User is dissatisfied with the application, User&rsquo;s sole remedy is to discontinue using the application.</li>\r\n<li><strong>3.3.5&nbsp;</strong>If EKIMO determines that you have provided fraudulent, inaccurate, or incomplete information, including through feedback, EKIMO reserves the right to immediately suspend your access to the application or any of your accounts with EKIMO and makes such declaration in the application alongside your name/your clinic&rsquo;s name as determined by EKIMO for the protection of its business and in the interests of Users. You shall be liable to indemnify EKIMO for any losses incurred as a result of your misrepresentations or fraudulent feedback that has adversely affected EKIMO or its Users.</li>\r\n</ul>\r\n<li><strong>3.4</strong>BOOK APPOINTMENT AND CALL FACILITY</li>\r\n<li>EKIMO enables Users to connect with Practitioners through two methods: a) Book facility that allows Users book an appointment through the application; b) Value added telephonic services which allow users to book a call with a doctor at a certain time; At that time doctor will call the patient and consult him/her for a fixed period of time. For appointments users can choose to prepay for the visit, whereas for telephone services user must prepay for the service in advance. If the service is free (either clinic visit or telephone call) user can make a booking without payment.</li>\r\n<ul>\r\n<li><strong>3.4.2&nbsp;</strong>If a User has utilized the telephonic services, EKIMO reserves the right to share the information provided by the User with the Practitioner and store such information and/or conversation of the User with the Practitioner, in accordance with our Privacy Policy.</li>\r\n<li><strong>3.4.3</strong>The results of any search Users perform in the application for Practitioners should not be construed as an endorsement by EKIMO of any such particular Practitioner. If the User decides to engage with a Practitioner to seek medical services, the User shall be doing so at his/her own risk.</li>\r\n<li><strong>3.4.4</strong>&nbsp;Without prejudice to the generality of the above, EKIMO is not involved in providing any healthcare or medical advice or diagnosis and hence is not responsible for any interactions between User and the Practitioner. User understands and agrees that EKIMO will not be liable for:</li>\r\n<ul>\r\n<li>User interactions and associated issues User has with the Practitioner;</li>\r\n<li>the ability or intent of the Practitioner(s) or the lack of it, in fulfilling their obligations towards Users;</li>\r\n<li>any wrong medication or quality of treatment being given by the Practitioner(s), or any medical negligence on part of the Practitioner(s);</li>\r\n<li>inappropriate treatment, or similar difficulties or any type of inconvenience suffered by the User due to a failure on the part of the Practitioner to provide agreed Services;</li>\r\n<li>any misconduct or inappropriate behaviour by the Practitioner or the Practitioner&rsquo;s staff;</li>\r\n</ul>\r\n<li><strong>3.4.5&nbsp;</strong>Users are allowed to provide feedback about their experiences with the Practitioner (via e-mail), however, the User shall ensure that, the same is provided in accordance with applicable law. User however understands that, EKIMO shall not be obliged to act in such manner as may be required to give effect to the content of Users feedback, such as suggestions for delisting of a particular Practitioner from the application.</li>\r\n<li><strong>3.4.6&nbsp;</strong>In case of a &lsquo;Patient-No-Show (P.N.S)&rsquo; (defined below), where the User does not show-up at the concerned Practitioner&rsquo;s clinic:</li>\r\n<ul>\r\n<li>User&rsquo;s account will be temporarily disabled from booking further online appointments on EKIMO for next four (4) months, in case of, three(3) Valid PNS.</li>\r\n<li>Patient- No-Show (P.N.S) for the purposes of these Terms and Conditions, is defined as, any instance where a User, who booked an appointment on the Website using the Book Appointment facility, has not turned up for the appointment without cancelling it. When Practitioner informs EKIMO of the incident or marks a particular appointment as P.N.S. within five (5) days of the scheduled appointment, an email will be sent to the User to confirm on the incident with reasons. Where the User is not able to establish that the User had a legitimate reason as per Clause 3.4.6(c), for not showing up, EKIMO shall be entitled to take actions as under Clause 3.4.6 (a). However Users understand that, actions such as ones mentioned under Clause 3.4.6(a) are included as a deterrent to stop Users from misusing the application, and the loss of business hours incurred by the Practitioner.</li>\r\n</ul>\r\n<li><strong>3.4.7Cancellation and Refund Policy</strong></li>\r\n<ul>\r\n<li>EKIMO does not take any liability for refund in case user is not provided with the service which he/she booked via EKIMO. The settlement in this case should be made between the service provider and User.</li>\r\n</ul>\r\n</ul>\r\n<li><strong>3.5</strong>NO DOCTOR-PATIENT RELATIONSHIP; NOT FOR EMERGENCY USE</li>\r\n<ul>\r\n<li><strong>3.5.1&nbsp;</strong>Please note that some of the content, text, data, graphics, images, information, suggestions, guidance, and other material (collectively, &ldquo;Information&rdquo;) that may be available in the application(including information provided in direct response to your questions or postings) may be provided by individuals in the medical profession. The provision of such Information does not create a licensed medical professional/patient relationship, between EKIMO and you and does not constitute an opinion, medical advice, or diagnosis or treatment of any particular condition, but is only provided to assist you with locating appropriate medical care from a qualified practitioner.</li>\r\n<li><strong>3.5.2&nbsp;</strong>It is hereby expressly clarified that, the Information that you obtain or receive from EKIMO, and its employees, contractors, partners, sponsors, advertisers, licensors or otherwise on the Website is for informational purposes only. We make no guarantees, representations or warranties, whether expressed or implied, with respect to professional qualifications, quality of work, expertise or other information provided in the application. In no event shall we be liable to you or anyone else for any decision made or action taken by you in reliance on such information.</li>\r\n<li><strong>3.5.3&nbsp;</strong>The Services are not intended to be a substitute for getting in touch with emergency healthcare. If you are an End-User facing a medical emergency (either on your or a another person&rsquo;s behalf), please contact an ambulance service or hospital directly.</li>\r\n</ul>\r\n<li><strong>3.6&nbsp;</strong>CONTENT OWNERSHIP AND COPYRIGHT CONDITIONS OF ACCESS</li>\r\n<ul>\r\n<li><strong>3.6.1&nbsp;</strong>The contents listed in the application belong to EKIMO. The information that is collected by EKIMO directly or indirectly from the End- Users and the Practitioners shall belong to EKIMO. Copying of the copyrighted content published by EKIMO in the application for any commercial purpose or for the purpose of earning profit will be a violation of copyright and EKIMO reserves its rights under applicable law accordingly.</li>\r\n<li><strong>3.6.2&nbsp;</strong>EKIMO authorizes the User to view and access the content available on or from the application solely for ordering, receiving, delivering and communicating only as per this Agreement. The contents of the application, information, text, graphics, images, logos, button icons, software code, design, and the collection, arrangement and assembly of content in the application (collectively,&nbsp;<strong>\"EKIMO Content\"</strong>), are the property of EKIMO and are protected under copyright, trademark and other laws. User shall not modify the EKIMO Content or reproduce, display, publicly perform, distribute, or otherwise use the EKIMO Content in any way for any public or commercial purpose or for personal gain.</li>\r\n<li><strong>3.6.3&nbsp;</strong>User shall not access the Services for purposes of monitoring their availability, performance or functionality, or for any other benchmarking or competitive purposes.</li>\r\n</ul>\r\n</ul>\r\n<li><strong>3.7</strong>RECORDS</li>\r\n<li>EKIMO may provide End-Users with a free facility known as &lsquo;Records&rsquo; on its mobile application &lsquo;EKIMO&rsquo;. Information available in your Records is of two types:</li>\r\n<ul>\r\n<li>User-created: Information generated by you during your interaction with EKIMO ecosystem, eg: appointment, your profile information.</li>\r\n<li>Practice-created: Health Records generated by your interaction with a Practitioner. These documents include: Medical encounter records, refferrals, medicine prescriptions and insurance guarantee letters.</li>\r\n<li>Provider-created: This includes User&rsquo;s insurance policy cards and pharmacy loyalty cards.</li>\r\n</ul>\r\n<li>The specific terms relating to such Health Account are as below, without prejudice to the rest of these Terms and the Privacy Policy:</li>\r\n<ul>\r\n<li><strong>3.7.1</strong>Your Records is only created after you have signed up and explicitly accepted these Terms.</li>\r\n<li><strong>3.7.2</strong>Any Practice created Health Record is provided on an as-is basis at the sole intent, risk and responsibility of the Practitioner and EKIMO does not validate the said information and makes no representation in connection therewith. You should contact the relevant Practitioner in case you wish to point out any discrepancies or add, delete, or modify the Health Record in any manner.</li>\r\n<li><strong>3.7.3&nbsp;</strong>The Health Records are provided on an as-is basis. While we strive to maintain the highest levels of service availability, EKIMO is not liable for any interruption that may be caused to your access of the Services.</li>\r\n<li><strong>3.7.5&nbsp;</strong>It is your responsibility to keep your correct date of birth, ID number and mob. phone number. EKIMO is not responsible for any loss or inconvenience caused due to your failure in updating the contact details with EKIMO.</li>\r\n<li><strong>3.7.6</strong>EKIMO uses reasonable security and encryption to your Health Records. However, EKIMO does not guarantee to prevent unauthorized access if you lose your login credentials or they are otherwise compromised. In the event you are aware of any unauthorized use or access, you shall immediately inform EKIMO of such unauthorized use or access. Please safeguard your login credentials and report any actual suspected breach of account to support@ekimo.ge.</li>\r\n<li><strong>3.7.8&nbsp;</strong>In case you want to delete your Records, you can do so by contacting our service support team. However only your account and any associated Health Records will be deleted, and your Health Records stored by your Practitioners will continue to be stored in their respective accounts.</li>\r\n<li><strong>3.7.11&nbsp;</strong>EKIMO is not liable if for any reason, Health Records are not delivered to you or are delivered late despite its best efforts.</li>\r\n<li><strong>3.7.13&nbsp;</strong>EKIMO is not responsible or liable for any content, fact, Health Records, medical deduction or the language used in your Health Records whatsoever. Your Practitioner is solely responsible and liable for your Health Records and any information provided to us including but not limited to the content in them.</li>\r\n<li><strong>3.10.14</strong>EKIMO has the ability in its sole discretion to retract Health Records without any prior notice if they are found to be shared incorrectly or inadvertently.</li>\r\n<li><strong>3.7.15</strong>EKIMO will follow the law of land in case of any constitutional court or jurisdiction mandates to share the Health Records for any reason.</li>\r\n<li><strong>3.7.16</strong>You agree and acknowledge that EKIMO may need to access the Health Record for cases such as any technical or operational issue of the End User in access or ownership of the Records.</li>\r\n<li><strong>3.7.17</strong>You acknowledge that the Practitioners you are visiting may engage EKIMO\'s software or third party software for the purposes of the functioning of the Practitioner&rsquo;s business and EKIMO\'s services including but not limited to the usage and for storage of Records (as defined in Section 3.10) in Georgia and outside Georgia, in accordance with the applicable laws.</li>\r\n<li><strong>3.7.18&nbsp;</strong>To the extent that your Records have been shared with EKIMO or stored on any of the EKIMO products used by Practitioner&rsquo;s you are visiting, and may in the past have visited, You hereby agree to the storage of your Records by EKIMO pertaining to such previously visited clinics and hospitals who have tie ups with EKIMO for the purposes of their business and for EKIMO\'s services including but not limited to the usage and for storage of Records (as defined in Section 3.10) in Georgia and outside Georgia, in accordance with the applicable laws and further agree, upon creation of your account with EKIMO, to the mapping of such Records as may be available in EKIMO&rsquo;s database to your User account.</li>\r\n</ul>\r\n<li><strong>3.8</strong>&nbsp;MEDICINE INFORMATION</li>\r\n<ul>\r\n<li>You understand that any information provided under this feature is not intended to serve as a substitute for clinical advice and should not be relied upon while making treatment related decisions. You are hereby notified that the medicines and/or medicinal products related information differs from country to country and varies from region to region and hence the information/content published herein is Georgia specific and neither EKIMO nor the content owner is responsible for the applicability of the content outside Georgia. EKIMO provides information here on an &lsquo;as is&rsquo;, basis and not with an intention to replace consultation with a qualified medical practitioner.</li>\r\n<li>EKIMO has used commercially reasonable efforts to source the information from reliable databases, however, you understand that the information contained in this feature is brought to you from open source platforms and third party sites/research reports. EKIMO shall not be responsible or in any manner be liable for the accuracy of the information or for any errors, omissions or inaccuracies contained herein irrespective of the reason for the cause of such occurrence, or for any consequences arising therefrom. The inclusion or exclusion of any medicines and/or medicinal products does not mean that EKIMO advocates or rejects the use of a particular medicine and/or medicinal product listed herein.</li>\r\n<li>You understand that the information on medicines and/or medicinal products contained herein does not constitute an offer or invitation or advise to use the same. The information on medicines and/or medicinal products provided hereunder should not be relied upon in connection with any decision to self-medicate. It is suggestible that you always consult a medical practitioner at all times prior to relying upon any information set out herein</li>\r\n</ul>\r\n<li>\r\n<h4><strong>4.RIGHTS AND OBLIGATIONS RELATING TO CONTENT</strong></h4>\r\n</li>\r\n<ul>\r\n<li><strong>4.1</strong>EKIMO hereby informs Users that they are not permitted to host, display, upload, modify, publish, transmit, update or share any information that:</li>\r\n<ul>\r\n<li>belongs to another person and to which the User does not have any right to;</li>\r\n<li>is grossly harmful, harassing, blasphemous, defamatory, obscene, pornographic, pedophilic, libelous, invasive of another\'s privacy, hateful, or racially, ethnically objectionable, disparaging, relating or encouraging money laundering or gambling, or otherwise unlawful in any manner whatever;</li>\r\n<li>harm minors in any way;</li>\r\n<li>infringes any patent, trademark, copyright or other proprietary rights;</li>\r\n<li>violates any law for the time being in force;</li>\r\n<li>deceives or misleads the addressee about the origin of such messages or communicates any information which is grossly offensive or menacing in nature;</li>\r\n<li>impersonate another person;</li>\r\n<li>contains software viruses or any other computer code, files or programs designed to interrupt, destroy or limit the functionality of any computer resource;</li>\r\n<li>threatens the unity, integrity, defence, security or sovereignty of Georgia, friendly relations with foreign states, or public order or causes incitement to the commission of any cognizable offence or prevents investigation of any offence or is insulting any other nation.</li>\r\n</ul>\r\n<li><strong>4.2</strong>Users are also prohibited from:</li>\r\n<ul>\r\n<li>violating or attempting to violate the integrity or security of the application or any EKIMO Content;</li>\r\n<li>transmitting any information (including job posts, messages and hyperlinks) on or through the application that is disruptive or competitive to the provision of Services by EKIMO;</li>\r\n<li>intentionally submitting in the application any incomplete, false or inaccurate information;</li>\r\n<li>making any unsolicited communications to other Users;</li>\r\n<li>using any engine, software, tool, agent or other device or mechanism (such as spiders, robots, avatars or intelligent agents) to navigate or search the application;</li>\r\n<li>attempting to decipher, decompile, disassemble or reverse engineer any part of the application;</li>\r\n<li>copying or duplicating in any manner any of the EKIMO Content or other information available from the application;</li>\r\n<li>framing or hot linking or deep linking any EKIMO Content.</li>\r\n<li>circumventing or disabling any digital rights management, usage rules, or other security features of the Software.</li>\r\n</ul>\r\n<li><strong>4.3</strong>EKIMO, upon obtaining knowledge by itself or been brought to actual knowledge by an affected person in writing or through email about any such information as mentioned above, shall be entitled to disable such information that is in contravention of Clauses 5.1 and 5.2. EKIMO shall also be entitled to preserve such information and associated records for at least 90 (ninety) days for production to governmental authorities for investigation purposes.</li>\r\n<li><strong>4.4</strong>In case of non-compliance with any applicable laws, rules or regulations, or the Agreement (including the Privacy Policy) by a User, EKIMO has the right to immediately terminate the access or usage rights of the User to the application and Services and to remove non-compliant information from the application.</li>\r\n<li><strong>4.5</strong>EKIMO may disclose or transfer User-generated information to its affiliates or governmental authorities in such manner as permitted or required by applicable law, and you hereby consent to such transfer.</li>\r\n<li>EKIMO respects the intellectual property rights of others and we do not hold any responsibility for any violations of any intellectual property rights</li>\r\n</ul>\r\n<li>\r\n<h4><strong>5.TERMINATION</strong></h4>\r\n</li>\r\n<ul>\r\n<li><strong>5.1</strong>EKIMO reserves the right to suspend or terminate a User&rsquo;s access to the application and the Services with or without notice and to exercise any other remedy available under law, in cases where,</li>\r\n<ul>\r\n<li>Such User breaches any terms and conditions of the Agreement;</li>\r\n<li>A third party reports violation of any of its right as a result of your use of the Services;</li>\r\n<li>EKIMO is unable to verify or authenticate any information provide to EKIMO by a User;</li>\r\n<li>EKIMO has reasonable grounds for suspecting any illegal, fraudulent or abusive activity on part of such User; or</li>\r\n<li>EKIMO believes in its sole discretion that User&rsquo;s actions may cause legal liability for such User, other Users or for EKIMO or are contrary to the interests of the application.</li>\r\n</ul>\r\n<li><strong>5.2&nbsp;</strong>Once temporarily suspended, indefinitely suspended or terminated, the User may not continue to use the application under the same account, a different account or re-register under a new account. On termination of an account due to the reasons mentioned herein, such User shall no longer have access to data, messages, files and other material kept in the application by such User. The User shall ensure that he/she/it has continuous backup of any medical services the User has rendered in order to comply with the User&rsquo;s record keeping process and practices.</li>\r\n</ul>\r\n<li>\r\n<h4><strong>6.LIMITATION OF LIABILITY</strong></h4>\r\n</li>\r\n<li>In no event, including but not limited to negligence, shall EKIMO, or any of its directors, officers, employees, agents or content or service providers (collectively, the &ldquo;Protected Entities&rdquo;) be liable for any direct, indirect, special, incidental, consequential, exemplary or punitive damages arising from, or directly or indirectly related to, the use of, or the inability to use, the application or the content, materials and functions related thereto, the Services, User&rsquo;s provision of information via the application , lost business or lost End-Users, even if such Protected Entity has been advised of the possibility of such damages. In no event shall the Protected Entities be liable for:</li>\r\n<ul>\r\n<li>provision of or failure to provide all or any service by Practitioners to End- Users contacted or managed through the application ;</li>\r\n<li>any content posted, transmitted, exchanged or received by or on behalf of any User or other person on or through the application ;</li>\r\n<li>any unauthorized access to or alteration of your transmissions or data; or</li>\r\n<li>any other matter relating to the application or the Service.</li>\r\n</ul>\r\n<li>\r\n<h4><strong>7.RETENTION AND REMOVAL</strong></h4>\r\n</li>\r\n<li>EKIMO may retain such information collected from Users from its application or Services for as long as necessary, depending on the type of information; purpose, means and modes of usage of such information; Computer web server logs may be preserved as long as administratively necessary.</li>\r\n<li>\r\n<h4><strong>8.APPLICABLE LAW AND DISPUTE SETTLEMENT</strong></h4>\r\n</li>\r\n<ul>\r\n<li><strong>8.1</strong>You agree that this Agreement and any contractual obligation between EKIMO and User will be governed by the laws of Georgia.</li>\r\n<li><strong>8.2</strong>Any dispute, claim or controversy arising out of or relating to this Agreement, including the determination of the scope or applicability of this Agreement to arbitrate, or your use of the application or the Services or information to which it gives access, shall be determined by arbitration in Georgia. The award shall be final and binding on the parties to the dispute.</li>\r\n<li><strong>8.3</strong>Subject to the above Clause 9.2, the courts in Georgia shall have exclusive jurisdiction over any disputes arising out of or in relation to this Agreement, your use of the application or the Services or the information to which it gives access.</li>\r\n</ul>\r\n<li>\r\n<h4><strong>9.CONTACT INFORMATION GRIEVANCE OFFICER</strong></h4>\r\n</li>\r\n<ul>\r\n<li>Should you have questions about this Terms and Conditions or EKIMO&rsquo;s information collection, use and disclosure practices, you may contact us via e-mail, phone or post. We will use reasonable efforts to respond promptly to any requests, questions or concerns, which you may have regarding our use of your personal information. If you have any grievance with respect to our use of your information, you may contact us:<br /><br /></li>\r\n<li>JSC VABACO</li>\r\n<li>88/15 Vakhtang Bochorishvili Str.,</li>\r\n<li>Tbilisi, Georgia</li>\r\n<li>Phone: +995 322 10 88 10</li>\r\n<li>Email: support@ekimo.ge</li>\r\n</ul>\r\n<li>\r\n<h4><strong>10.SEVERABILITY</strong></h4>\r\n</li>\r\n<li>If any provision of the Agreement is held by a court of competent jurisdiction or arbitral tribunal to be unenforceable under applicable law, then such provision shall be excluded from this Agreement and the remainder of the Agreement shall be interpreted as if such provision were so excluded and shall be enforceable in accordance with its terms; provided however that, in such event, the Agreement shall be interpreted so as to give effect, to the greatest extent consistent with and permitted by applicable law, to the meaning and intention of the excluded provision as determined by such court of competent jurisdiction or arbitral tribunal.</li>\r\n<li>\r\n<h4><strong>11.WAIVER</strong></h4>\r\n</li>\r\n<li>No provision of this Agreement shall be deemed to be waived and no breach excused, unless such waiver or consent shall be in writing and signed by EKIMO. Any consent by EKIMO to, or a waiver by EKIMO of any breach by you, whether expressed or implied, shall not constitute consent to, waiver of, or excuse for any other different or subsequent breach.<br /><br />YOU HAVE READ THESE TERMS OF USE AND AGREE TO ALL OF THE PROVISIONS CONTAINED ABOVE</li>\r\n</ul>', NULL, NULL, NULL, NULL, NULL, NULL, '2019-06-19 05:06:45', '2020-01-10 13:48:04');
INSERT INTO `page_languages` (`id`, `page_id`, `language`, `title`, `short_title`, `description`, `content`, `meta_desc`, `proDescription`, `proTitle`, `proTitle1`, `proTitle2`, `formTitle`, `created_at`, `updated_at`) VALUES ('10', '5', 'en', 'Terms of Use', 'Terms of Use', NULL, NULL, NULL, NULL, NULL, NULL, NULL, NULL, '2019-06-19 05:06:45', '2019-06-19 05:06:45');
INSERT INTO `page_languages` (`id`, `page_id`, `language`, `title`, `short_title`, `description`, `content`, `meta_desc`, `proDescription`, `proTitle`, `proTitle1`, `proTitle2`, `formTitle`, `created_at`, `updated_at`) VALUES ('11', '6', 'ge', 'გაუქმების პირობები', 'გაუქმების პირობები', NULL, '<ol>\r\n<li>In case of cancellation by User:</li>\r\n<ol style=\"list-style-type: lower-alpha;\">\r\n<li>Users cancel their bookings anytime up to the time when the actual appointment should take a place.</li>\r\n<li>If the cancellation is due to the abusive nature of the User, such User shall not be eligible for any refund and EKIMO/Practitioner shall be entitled to take any legal action, depending upon the gravity of the matter.</li>\r\n<li>In case a consultation is cancelled by the User amounts paid by the Users with respect to the cancelled consultation shall be refunded in following manner:</li>\r\n<ol style=\"list-style-type: lower-roman;\">\r\n<li>If cancellation takes place before the day of the appointment, after 18:00 (Georgia time, GMT+4), user shall be fined with 100% of the amount that he/she paid via EKIMO for the appointment.</li>\r\n<li>If cancellation takes place between 4 days before the day of the appointment (not including the day of the appointment) up until the day before the appointment, until 18:00 (Georgia time, GMT+4), user shall be fined with 40% of the amount that he/she paid via EKIMO for the appointment.</li>\r\n<li>If cancellation takes place before 4 days before the day of the appointment (not including the day of the appointment) user shall not be fined and will receive the complete amount that he/she paid for the booking as a refund.</li>\r\n</ol>\r\n</ol>\r\n<li>In case of cancellation by Practitioner/Provider:</li>\r\n<ol style=\"list-style-type: lower-alpha;\">\r\n<li>EKIMO does not take any responsibility in case of cancellation of the appointment by Practitioners or Providers or if User considers consultation as inadequate. Settlement in this case is between the User and Practitioner or Provider.</li>\r\n</ol>\r\n</ol>', NULL, NULL, NULL, NULL, NULL, NULL, '2019-06-19 05:08:29', '2019-06-28 13:48:47');
INSERT INTO `page_languages` (`id`, `page_id`, `language`, `title`, `short_title`, `description`, `content`, `meta_desc`, `proDescription`, `proTitle`, `proTitle1`, `proTitle2`, `formTitle`, `created_at`, `updated_at`) VALUES ('12', '6', 'en', 'Confidentiality', 'Confidentiality', NULL, NULL, NULL, NULL, NULL, NULL, NULL, NULL, '2019-06-19 05:08:29', '2019-06-19 05:08:29');
INSERT INTO `page_languages` (`id`, `page_id`, `language`, `title`, `short_title`, `description`, `content`, `meta_desc`, `proDescription`, `proTitle`, `proTitle1`, `proTitle2`, `formTitle`, `created_at`, `updated_at`) VALUES ('13', '7', 'ge', 'კლინიკებისთვის', 'კლინიკებისთვის', '<p>დაარეგისტრირეთ თქვენი კლინიკა აპლიკაცია EKIMO-ში და გახადეთ თქვენი სამედიცინო სერვისები პაციენტებისთვის უფრო კომფორტული და ხელმისაწვდომი. EKIMO დაგეხმარებათ მოაწესრიგოთ ჯავშნები და შეამციროთ რიგები, პაციენტებს დისტანციური მომსახურება შესთავაზოთ და გამოიყენოთ სამედიცინო საინფორმაციო სისტემა უფასოდ, EKIMO-ს აპლიკაციასთან ერთად. შედეგად, თქვენი პაციენტები უკეთეს სერვისს მიიღებენ, კლინიკა კი &ndash; მეტ შემოსავალს.</p>', '<p>რას მიიღებთ ექიმოში ჩართვით</p>', NULL, '<p>აპლიკაციაში ჩართულია</p>', 'ექიმი', 'კლინიკა', 'აფთიაქი', 'კლინიკის რეგისტრაცია', '2019-06-19 08:06:19', '2019-12-06 09:42:16');
INSERT INTO `page_languages` (`id`, `page_id`, `language`, `title`, `short_title`, `description`, `content`, `meta_desc`, `proDescription`, `proTitle`, `proTitle1`, `proTitle2`, `formTitle`, `created_at`, `updated_at`) VALUES ('14', '7', 'en', 'FOR CLINICS', 'FOR CLINICS', '<p>Register your clinic at EKIMO app and make your medical services more convenient and accessible to patients. With EKIMO you can manage appointments and reduce queues, offer remote services to patients, and use medical information system for free, together with EKIMO app. As a result, the patients will get a better service, and your clinic will increase the revenue.</p>', '<p>Benefits of registering in EKIMO</p>', NULL, '<p>THE APP COMBINES</p>', 'DOCTORS', 'CLINICS', 'PHARMACIES', 'CLINIC REGISTRATION', '2019-06-19 08:06:19', '2019-12-06 10:53:08');
INSERT INTO `page_languages` (`id`, `page_id`, `language`, `title`, `short_title`, `description`, `content`, `meta_desc`, `proDescription`, `proTitle`, `proTitle1`, `proTitle2`, `formTitle`, `created_at`, `updated_at`) VALUES ('15', '8', 'ge', 'ექიმებისთვის', 'ექიმებისთვის', '<h2 class=\"main-section-title for-providers-title-mr\">ხართ კერძო ექიმი? თუ კი, მაშინ დარეგისტრირდით აპლიკაცია EKIMO-ში და გახადეთ თქვენი სამედიცინო სერვისები უფრო კომფორტული და ხელმისაწვდომი. EKIMO დაგეხმარებათ მოაწესრიგოთ პაციენტების ჩაწერა, გასწიოთ სრულფასოვანი ფასიანი სატელეფონო მომსახურება და გამოიყენოთ სამედიცინო საინფორმაციო სისტემა უფასოდ, EKIMO-ს აპლიკაციასთან ერთად. შედეგად, გეყოლებათ მეტი პაციენტი, რომელთაც უკეთეს სერვისს შესთავაზებთ.</h2>', '<h2 class=\"main-section-title for-providers-title-mr\">&nbsp;რას მიიღებთ ექიმოში ჩართვით</h2>', NULL, '<p>აპლიკაციაში ჩართულია</p>', 'ექიმი', 'სპეციალობა', 'მომხმარებელი', 'ექიმის რეგისტრაცია', '2019-06-24 08:57:33', '2019-12-11 09:25:01');
INSERT INTO `page_languages` (`id`, `page_id`, `language`, `title`, `short_title`, `description`, `content`, `meta_desc`, `proDescription`, `proTitle`, `proTitle1`, `proTitle2`, `formTitle`, `created_at`, `updated_at`) VALUES ('16', '8', 'en', 'FOR DOCTORS', 'FOR DOCTORS', '<p>Are you a private doctor? If yes, register at EKIMO app and make your services more convenient and accessible to patients. EKIMO will help you to manage appointments and provide comprehensive, paid telephone consultation, and to use medical information system for free, together with EKIMO app.&nbsp; As a result, you will have more patients to whom you\'ll offer a better service.</p>', '<p>Benefits of registering in EKIMO</p>', NULL, '<p>THE APP COMBINES</p>', 'DOCTORS', 'SPECIALTIES', 'USERS', 'DOCTOR REGISTRATION', '2019-06-24 08:57:33', '2019-12-06 10:56:30');
INSERT INTO `page_languages` (`id`, `page_id`, `language`, `title`, `short_title`, `description`, `content`, `meta_desc`, `proDescription`, `proTitle`, `proTitle1`, `proTitle2`, `formTitle`, `created_at`, `updated_at`) VALUES ('17', '9', 'ge', 'ექიმის რეგისტრაცია', 'ექიმის რეგისტრაცია', NULL, '<div id=\"hsformContainer\">\r\n<script>// <![CDATA[\r\nhbspt.forms.create({ \r\n portalId: \'1710672\',\r\n target: \'#hsformContainer\',\r\n formId: \'747bcc8e-0c1d-436d-bcec-e67488f90218\'\r\n });\r\n// ]]></script>\r\n</div>', NULL, NULL, NULL, NULL, NULL, NULL, '2019-08-20 13:21:17', '2019-12-06 13:42:17');
INSERT INTO `page_languages` (`id`, `page_id`, `language`, `title`, `short_title`, `description`, `content`, `meta_desc`, `proDescription`, `proTitle`, `proTitle1`, `proTitle2`, `formTitle`, `created_at`, `updated_at`) VALUES ('18', '9', 'en', 'DOCTOR REGISTRATION', 'DOCTOR REGISTRATION', NULL, '<script charset=\"utf-8\" type=\"text/javascript\" src=\"//js.hsforms.net/forms/shell.js\"></script>\n\n<div id=\"hsformContainer\">\r\n<script>// <![CDATA[\r\n  hbspt.forms.create({ \r\n  target: \'#hsformContainer\',\r\n  portalId: \"1710672\",\n  formId: \"d9a0a268-7964-440e-81f1-fed87ceb0520\"\r\n });\r\n// ]]></script>\r\n</div>', NULL, NULL, NULL, NULL, NULL, NULL, '2019-08-20 13:21:17', '2019-12-06 13:43:02');
INSERT INTO `page_languages` (`id`, `page_id`, `language`, `title`, `short_title`, `description`, `content`, `meta_desc`, `proDescription`, `proTitle`, `proTitle1`, `proTitle2`, `formTitle`, `created_at`, `updated_at`) VALUES ('19', '10', 'ge', 'კლინიკის რეგისტრაცია', 'კლინიკის რეგისტრაცია', NULL, '<div id=\"hsformContainer\">\r\n<script>// <![CDATA[\r\nhbspt.forms.create({ \r\n portalId: \'1710672\',\r\n target: \'#hsformContainer\',\r\n formId: \'f42c35ec-ec97-4d55-a326-1be344dd321b\'\r\n });\r\n// ]]></script>\r\n</div>', NULL, NULL, NULL, NULL, NULL, NULL, '2019-08-20 13:49:56', '2019-09-05 12:09:17');
INSERT INTO `page_languages` (`id`, `page_id`, `language`, `title`, `short_title`, `description`, `content`, `meta_desc`, `proDescription`, `proTitle`, `proTitle1`, `proTitle2`, `formTitle`, `created_at`, `updated_at`) VALUES ('20', '10', 'en', 'CLINIC REGISTRATION', 'CLINIC REGISTRATION', NULL, '<p>\r\n<script type=\"text/javascript\" src=\"//js.hsforms.net/forms/shell.js\"></script>\r\n<script>// <![CDATA[\r\nhbspt.forms.create({\r\nportalId: \"1710672\",\r\nformId: \"f42c35ec-ec97-4d55-a326-1be344dd321b\"\r\n});\r\n// ]]></script>\r\n</p>', NULL, '<div id=\"hsformContainer\">\r\n<script>// <![CDATA[\r\nhbspt.forms.create({ \r\n portalId: \'1710672\',\r\n target: \'#hsformContainer\',\r\n formId: \'747bcc8e-0c1d-436d-bcec-e67488f90218\'\r\n });\r\n// ]]></script>\r\n</div>', NULL, NULL, NULL, NULL, '2019-08-20 13:49:56', '2019-12-06 13:43:12');

INSERT INTO `pages` (`id`, `menu_id`, `slug`, `formLink`, `position`, `parent_id`, `type`, `type_id`, `proNumber`, `proNumber1`, `proNumber2`, `template`, `visible`, `collapse`, `image`, `proImage`, `proImage1`, `proImage2`, `created_at`, `updated_at`) VALUES ('2', '2', 'privacy', NULL, '1', '0', 'text', NULL, NULL, NULL, NULL, NULL, '1', '0', NULL, NULL, NULL, NULL, '2019-06-14 07:49:21', '2020-01-10 13:16:46');
INSERT INTO `pages` (`id`, `menu_id`, `slug`, `formLink`, `position`, `parent_id`, `type`, `type_id`, `proNumber`, `proNumber1`, `proNumber2`, `template`, `visible`, `collapse`, `image`, `proImage`, `proImage1`, `proImage2`, `created_at`, `updated_at`) VALUES ('3', '1', 'blog', NULL, '4', '0', 'collections', '6', NULL, NULL, NULL, NULL, '1', '0', NULL, NULL, NULL, NULL, '2019-06-14 09:28:44', '2019-12-09 09:19:06');
INSERT INTO `pages` (`id`, `menu_id`, `slug`, `formLink`, `position`, `parent_id`, `type`, `type_id`, `proNumber`, `proNumber1`, `proNumber2`, `template`, `visible`, `collapse`, `image`, `proImage`, `proImage1`, `proImage2`, `created_at`, `updated_at`) VALUES ('4', '1', 'how-it-works', NULL, '1', '0', 'collections', '9', NULL, NULL, NULL, NULL, '1', '0', NULL, NULL, NULL, NULL, '2019-06-19 03:24:16', '2019-12-06 13:38:01');
INSERT INTO `pages` (`id`, `menu_id`, `slug`, `formLink`, `position`, `parent_id`, `type`, `type_id`, `proNumber`, `proNumber1`, `proNumber2`, `template`, `visible`, `collapse`, `image`, `proImage`, `proImage1`, `proImage2`, `created_at`, `updated_at`) VALUES ('5', '2', 'terms', NULL, '2', '0', 'text', NULL, NULL, NULL, NULL, NULL, '1', '0', NULL, NULL, NULL, NULL, '2019-06-19 05:06:45', '2020-01-10 13:46:58');
INSERT INTO `pages` (`id`, `menu_id`, `slug`, `formLink`, `position`, `parent_id`, `type`, `type_id`, `proNumber`, `proNumber1`, `proNumber2`, `template`, `visible`, `collapse`, `image`, `proImage`, `proImage1`, `proImage2`, `created_at`, `updated_at`) VALUES ('6', '2', 'cancellation-policy', '', '3', '0', 'text', NULL, NULL, NULL, NULL, NULL, '1', '0', NULL, NULL, NULL, NULL, '2019-06-19 05:08:29', '2019-06-28 13:48:47');
INSERT INTO `pages` (`id`, `menu_id`, `slug`, `formLink`, `position`, `parent_id`, `type`, `type_id`, `proNumber`, `proNumber1`, `proNumber2`, `template`, `visible`, `collapse`, `image`, `proImage`, `proImage1`, `proImage2`, `created_at`, `updated_at`) VALUES ('7', '1', 'clinics', 'form-clinics', '2', '0', 'textWithProvider', NULL, '300', '8', '279', NULL, '1', '0', NULL, 'http://ekimo.devmobility.com/files/stethoscop.svg', 'http://ekimo.devmobility.com/files/hospital.svg', 'http://ekimo.devmobility.com/files/pharmacy.png', '2019-06-19 08:06:19', '2019-12-06 09:24:55');
INSERT INTO `pages` (`id`, `menu_id`, `slug`, `formLink`, `position`, `parent_id`, `type`, `type_id`, `proNumber`, `proNumber1`, `proNumber2`, `template`, `visible`, `collapse`, `image`, `proImage`, `proImage1`, `proImage2`, `created_at`, `updated_at`) VALUES ('8', '1', 'doctors', 'form-doctors', '3', '0', 'textWithProvider', NULL, '300', '39', '1 000 000', NULL, '1', '0', NULL, 'https://ekimo.app/files/doctors/doctor.svg', 'https://ekimo.app/files/doctors/speciality.svg', 'http://ekimo.devmobility.com/files/user3.png', '2019-06-24 08:57:33', '2019-12-11 09:21:17');
INSERT INTO `pages` (`id`, `menu_id`, `slug`, `formLink`, `position`, `parent_id`, `type`, `type_id`, `proNumber`, `proNumber1`, `proNumber2`, `template`, `visible`, `collapse`, `image`, `proImage`, `proImage1`, `proImage2`, `created_at`, `updated_at`) VALUES ('9', '3', 'form-clinics', NULL, '1', '0', 'text', NULL, NULL, NULL, NULL, NULL, '1', '0', NULL, NULL, NULL, NULL, '2019-08-20 13:21:17', '2019-12-06 13:43:02');
INSERT INTO `pages` (`id`, `menu_id`, `slug`, `formLink`, `position`, `parent_id`, `type`, `type_id`, `proNumber`, `proNumber1`, `proNumber2`, `template`, `visible`, `collapse`, `image`, `proImage`, `proImage1`, `proImage2`, `created_at`, `updated_at`) VALUES ('10', '3', 'form-doctors', NULL, '2', '0', 'text', NULL, NULL, NULL, NULL, NULL, '1', '0', NULL, NULL, NULL, NULL, '2019-08-20 13:49:56', '2019-12-06 13:39:56');

INSERT INTO `provider_languages` (`id`, `provider_id`, `language`, `title`, `description`, `content`, `meta_desc`, `created_at`, `updated_at`) VALUES ('1', '1', 'ge', 'ევექსის კლინიკები – გლდანის პოლიკლინიკა', NULL, NULL, NULL, '2019-06-14 05:34:20', '2019-06-18 10:16:11');
INSERT INTO `provider_languages` (`id`, `provider_id`, `language`, `title`, `description`, `content`, `meta_desc`, `created_at`, `updated_at`) VALUES ('2', '1', 'en', 'პროვაიდერი 1', NULL, NULL, NULL, '2019-06-14 05:34:20', '2019-06-14 05:34:20');
INSERT INTO `provider_languages` (`id`, `provider_id`, `language`, `title`, `description`, `content`, `meta_desc`, `created_at`, `updated_at`) VALUES ('3', '2', 'ge', 'ევექსის კლინიკები – დიდი დიღმის პოლიკლინიკა', NULL, NULL, NULL, '2019-06-14 07:00:38', '2019-06-18 10:16:09');
INSERT INTO `provider_languages` (`id`, `provider_id`, `language`, `title`, `description`, `content`, `meta_desc`, `created_at`, `updated_at`) VALUES ('4', '2', 'en', 'პროვაიდერი 2', NULL, NULL, NULL, '2019-06-14 07:00:38', '2019-06-14 07:00:38');
INSERT INTO `provider_languages` (`id`, `provider_id`, `language`, `title`, `description`, `content`, `meta_desc`, `created_at`, `updated_at`) VALUES ('5', '3', 'ge', 'ევექსის კლინიკები – ისნის პოლიკლინიკა', NULL, NULL, NULL, '2019-06-14 07:01:05', '2019-06-18 10:16:10');
INSERT INTO `provider_languages` (`id`, `provider_id`, `language`, `title`, `description`, `content`, `meta_desc`, `created_at`, `updated_at`) VALUES ('6', '3', 'en', 'პროვაიდერი 3', NULL, NULL, NULL, '2019-06-14 07:01:05', '2019-06-14 07:01:05');
INSERT INTO `provider_languages` (`id`, `provider_id`, `language`, `title`, `description`, `content`, `meta_desc`, `created_at`, `updated_at`) VALUES ('7', '4', 'ge', 'ევექსის კლინიკები – საბურთალოს პოლიკლინიკა', NULL, NULL, NULL, '2019-06-14 07:01:25', '2019-06-18 10:16:09');
INSERT INTO `provider_languages` (`id`, `provider_id`, `language`, `title`, `description`, `content`, `meta_desc`, `created_at`, `updated_at`) VALUES ('8', '4', 'en', 'პროვაიდერი 4', NULL, NULL, NULL, '2019-06-14 07:01:25', '2019-06-14 07:01:25');
INSERT INTO `provider_languages` (`id`, `provider_id`, `language`, `title`, `description`, `content`, `meta_desc`, `created_at`, `updated_at`) VALUES ('9', '5', 'ge', 'ევექსის კლინიკები – მთაწმინდის პოლიკლინიკა', NULL, NULL, NULL, '2019-06-14 07:02:06', '2019-06-18 10:16:09');
INSERT INTO `provider_languages` (`id`, `provider_id`, `language`, `title`, `description`, `content`, `meta_desc`, `created_at`, `updated_at`) VALUES ('10', '5', 'en', 'პროვაიდერი 5', NULL, NULL, NULL, '2019-06-14 07:02:06', '2019-06-14 07:02:06');
INSERT INTO `provider_languages` (`id`, `provider_id`, `language`, `title`, `description`, `content`, `meta_desc`, `created_at`, `updated_at`) VALUES ('11', '6', 'ge', 'ევექსის კლინიკები – დიდუბის პოლიკლინიკა', NULL, NULL, NULL, '2019-06-18 09:14:30', '2019-06-18 10:16:12');
INSERT INTO `provider_languages` (`id`, `provider_id`, `language`, `title`, `description`, `content`, `meta_desc`, `created_at`, `updated_at`) VALUES ('12', '6', 'en', 'ევექსის კლინიკები – დიდუბის პოლიკლინიკა', NULL, NULL, NULL, '2019-06-18 09:14:30', '2019-06-18 09:14:30');
INSERT INTO `provider_languages` (`id`, `provider_id`, `language`, `title`, `description`, `content`, `meta_desc`, `created_at`, `updated_at`) VALUES ('13', '7', 'ge', 'ევექსის კლინიკები – ვარკეთილის პოლიკლინიკა', NULL, NULL, NULL, '2019-06-18 09:15:20', '2019-06-18 10:16:10');
INSERT INTO `provider_languages` (`id`, `provider_id`, `language`, `title`, `description`, `content`, `meta_desc`, `created_at`, `updated_at`) VALUES ('14', '7', 'en', 'ევექსის კლინიკები – ვარკეთილის პოლიკლინიკა', NULL, NULL, NULL, '2019-06-18 09:15:20', '2019-06-18 09:15:20');
INSERT INTO `provider_languages` (`id`, `provider_id`, `language`, `title`, `description`, `content`, `meta_desc`, `created_at`, `updated_at`) VALUES ('15', '8', 'ge', 'რეგიონული ჰოსპიტალი – საბურთალოს პოლიკლინიკა', NULL, NULL, NULL, '2019-06-18 09:15:47', '2019-06-18 10:16:12');
INSERT INTO `provider_languages` (`id`, `provider_id`, `language`, `title`, `description`, `content`, `meta_desc`, `created_at`, `updated_at`) VALUES ('16', '8', 'en', 'შპს \"რეგიონული ჰოსპიტალი\" საბურთალოს პოლიკლინიკა', NULL, NULL, NULL, '2019-06-18 09:15:47', '2019-06-18 09:15:47');
INSERT INTO `provider_languages` (`id`, `provider_id`, `language`, `title`, `description`, `content`, `meta_desc`, `created_at`, `updated_at`) VALUES ('17', '9', 'ge', 'ევექსის კლინიკები', NULL, NULL, NULL, '2019-06-18 10:21:18', '2019-12-09 07:42:59');
INSERT INTO `provider_languages` (`id`, `provider_id`, `language`, `title`, `description`, `content`, `meta_desc`, `created_at`, `updated_at`) VALUES ('18', '9', 'en', 'EVEX CLINICS', NULL, NULL, NULL, '2019-06-18 10:21:18', '2019-12-06 13:32:28');
INSERT INTO `provider_languages` (`id`, `provider_id`, `language`, `title`, `description`, `content`, `meta_desc`, `created_at`, `updated_at`) VALUES ('19', '10', 'ge', 'ჯიპისის აფთიაქები', NULL, NULL, NULL, '2019-06-19 03:29:47', '2019-12-09 07:41:50');
INSERT INTO `provider_languages` (`id`, `provider_id`, `language`, `title`, `description`, `content`, `meta_desc`, `created_at`, `updated_at`) VALUES ('20', '10', 'en', 'GPC PHARMACIES', NULL, NULL, NULL, '2019-06-19 03:29:47', '2019-12-06 13:33:11');
INSERT INTO `provider_languages` (`id`, `provider_id`, `language`, `title`, `description`, `content`, `meta_desc`, `created_at`, `updated_at`) VALUES ('21', '11', 'ge', 'ფარმადეპოს აფთიაქები', NULL, NULL, NULL, '2019-06-19 03:32:07', '2019-12-09 07:42:27');
INSERT INTO `provider_languages` (`id`, `provider_id`, `language`, `title`, `description`, `content`, `meta_desc`, `created_at`, `updated_at`) VALUES ('22', '11', 'en', 'PHARMADEPOT PHARMACIES', NULL, NULL, NULL, '2019-06-19 03:32:07', '2019-12-06 13:33:52');
INSERT INTO `provider_languages` (`id`, `provider_id`, `language`, `title`, `description`, `content`, `meta_desc`, `created_at`, `updated_at`) VALUES ('23', '12', 'ge', 'იმედი L', NULL, NULL, NULL, '2019-06-19 03:33:27', '2019-12-10 11:14:12');
INSERT INTO `provider_languages` (`id`, `provider_id`, `language`, `title`, `description`, `content`, `meta_desc`, `created_at`, `updated_at`) VALUES ('24', '12', 'en', 'IMEDI L', NULL, NULL, NULL, '2019-06-19 03:33:27', '2019-12-06 13:34:10');

INSERT INTO `providers` (`id`, `collection_id`, `slug`, `position`, `visible`, `coming_soon`, `image`, `created_at`, `updated_at`) VALUES ('1', '4', 'eveksis-klinikebi-gldanis-poliklinika', '3', '0', '0', 'http://ekimo.devmobility.com/files/uploads/images/gld.jpg', '2019-06-14 05:34:20', '2019-06-27 11:12:34');
INSERT INTO `providers` (`id`, `collection_id`, `slug`, `position`, `visible`, `coming_soon`, `image`, `created_at`, `updated_at`) VALUES ('2', '4', 'eveksis-klinikebi-didi-dighmis-poliklinika', '7', '0', '0', 'http://ekimo.devmobility.com/files/uploads/images/di di.jpg', '2019-06-14 07:00:38', '2019-06-27 11:12:34');
INSERT INTO `providers` (`id`, `collection_id`, `slug`, `position`, `visible`, `coming_soon`, `image`, `created_at`, `updated_at`) VALUES ('3', '4', 'eveksis-klinikebi-isnis-poliklinika', '4', '0', '0', 'http://ekimo.devmobility.com/files/uploads/images/isani.jpg', '2019-06-14 07:01:05', '2019-06-27 11:12:34');
INSERT INTO `providers` (`id`, `collection_id`, `slug`, `position`, `visible`, `coming_soon`, `image`, `created_at`, `updated_at`) VALUES ('4', '4', 'eveksis-klinikebi-saburtalos-poliklinika', '6', '0', '0', 'http://ekimo.devmobility.com/files/uploads/images/sab.jpg', '2019-06-14 07:01:25', '2019-06-27 11:12:34');
INSERT INTO `providers` (`id`, `collection_id`, `slug`, `position`, `visible`, `coming_soon`, `image`, `created_at`, `updated_at`) VALUES ('5', '4', 'eveksis-klinikebi-mtatsmindis-poliklinika', '8', '0', '0', 'http://ekimo.devmobility.com/files/uploads/images/mtaw4.jpg', '2019-06-14 07:02:06', '2019-06-27 11:12:34');
INSERT INTO `providers` (`id`, `collection_id`, `slug`, `position`, `visible`, `coming_soon`, `image`, `created_at`, `updated_at`) VALUES ('6', '4', 'eveksis-klinikebi-didubis-poliklinika', '2', '0', '0', 'http://ekimo.devmobility.com/files/uploads/images/didub2.jpg', '2019-06-18 09:14:30', '2019-06-27 11:12:34');
INSERT INTO `providers` (`id`, `collection_id`, `slug`, `position`, `visible`, `coming_soon`, `image`, `created_at`, `updated_at`) VALUES ('7', '4', 'eveksis-klinikebi-varketilis-poliklinika', '5', '0', '0', 'http://ekimo.devmobility.com/files/uploads/images/vark.jpg', '2019-06-18 09:15:20', '2019-06-27 11:12:34');
INSERT INTO `providers` (`id`, `collection_id`, `slug`, `position`, `visible`, `coming_soon`, `image`, `created_at`, `updated_at`) VALUES ('8', '4', 'regionuli-hospitali-saburtalos-poliklinika', '1', '0', '0', 'http://ekimo.devmobility.com/files/uploads/images/TSA.jpg', '2019-06-18 09:15:47', '2019-06-27 11:12:34');
INSERT INTO `providers` (`id`, `collection_id`, `slug`, `position`, `visible`, `coming_soon`, `image`, `created_at`, `updated_at`) VALUES ('9', '4', 'evex-clinics', '12', '1', '0', 'http://ekimo.devmobility.com/files/uploads/images/7667889-01.png', '2019-06-18 10:21:18', '2019-12-06 13:32:20');
INSERT INTO `providers` (`id`, `collection_id`, `slug`, `position`, `visible`, `coming_soon`, `image`, `created_at`, `updated_at`) VALUES ('10', '4', 'gpc-pharmacies', '11', '1', '0', 'http://ekimo.devmobility.com/files/uploads/images/78787-01.png', '2019-06-19 03:29:47', '2019-12-06 13:33:11');
INSERT INTO `providers` (`id`, `collection_id`, `slug`, `position`, `visible`, `coming_soon`, `image`, `created_at`, `updated_at`) VALUES ('11', '4', 'pharmadepot-pharmacies', '10', '1', '0', 'http://ekimo.devmobility.com/files/uploads/images/pharmadepot-01.png', '2019-06-19 03:32:07', '2019-12-06 13:33:52');
INSERT INTO `providers` (`id`, `collection_id`, `slug`, `position`, `visible`, `coming_soon`, `image`, `created_at`, `updated_at`) VALUES ('12', '4', 'imedi-l', '9', '1', '1', 'https://ekimo.app/files/Group 8963.png', '2019-06-19 03:33:27', '2019-12-10 11:14:12');

INSERT INTO `service_languages` (`id`, `service_id`, `language`, `title`, `content`, `created_at`, `updated_at`) VALUES ('1', '1', 'ge', 'რიგების შემცირება', NULL, '2019-06-21 07:02:39', '2019-09-03 08:14:12');
INSERT INTO `service_languages` (`id`, `service_id`, `language`, `title`, `content`, `created_at`, `updated_at`) VALUES ('2', '1', 'en', 'რიგების შემცირება', NULL, '2019-06-21 07:02:39', '2019-06-21 07:02:39');
INSERT INTO `service_languages` (`id`, `service_id`, `language`, `title`, `content`, `created_at`, `updated_at`) VALUES ('4', '3', 'ge', 'ავტომატური სმსები ჯავშანზე', NULL, '2019-06-21 07:09:50', '2019-09-03 08:14:12');
INSERT INTO `service_languages` (`id`, `service_id`, `language`, `title`, `content`, `created_at`, `updated_at`) VALUES ('5', '3', 'en', 'ავტომატური სმს-ები ჯავშანზე', NULL, '2019-06-21 07:09:50', '2019-06-21 07:09:50');
INSERT INTO `service_languages` (`id`, `service_id`, `language`, `title`, `content`, `created_at`, `updated_at`) VALUES ('6', '4', 'ge', 'შემოსავლების ზრდა', NULL, '2019-06-21 07:18:45', '2019-09-03 08:14:11');
INSERT INTO `service_languages` (`id`, `service_id`, `language`, `title`, `content`, `created_at`, `updated_at`) VALUES ('7', '4', 'en', 'შემოსავლების ზრდა', NULL, '2019-06-21 07:18:45', '2019-06-21 07:18:45');
INSERT INTO `service_languages` (`id`, `service_id`, `language`, `title`, `content`, `created_at`, `updated_at`) VALUES ('8', '5', 'ge', 'დანიშნულების ელექტრონულად მიცემა', NULL, '2019-06-21 07:19:41', '2019-09-03 08:14:11');
INSERT INTO `service_languages` (`id`, `service_id`, `language`, `title`, `content`, `created_at`, `updated_at`) VALUES ('9', '5', 'en', 'დანიშნულების ელექტრონულად მიცემა', NULL, '2019-06-21 07:19:41', '2019-06-21 07:19:41');
INSERT INTO `service_languages` (`id`, `service_id`, `language`, `title`, `content`, `created_at`, `updated_at`) VALUES ('10', '6', 'ge', 'გამარტივებული გადახდა', NULL, '2019-06-21 07:22:12', '2019-09-03 08:14:10');
INSERT INTO `service_languages` (`id`, `service_id`, `language`, `title`, `content`, `created_at`, `updated_at`) VALUES ('11', '6', 'en', 'გამარტივებული გადახდა', NULL, '2019-06-21 07:22:12', '2019-06-21 07:22:12');
INSERT INTO `service_languages` (`id`, `service_id`, `language`, `title`, `content`, `created_at`, `updated_at`) VALUES ('12', '7', 'ge', 'ცნობადობის გაზრდა', '<p>&ldquo;ექიმო&rdquo;-ს საშუალებით შეგიძლიათ მიიღოთ პირადი ანალიზის პასუხები სახლიდან გაუსვლელად.</p>', '2019-06-21 07:22:48', '2019-09-03 08:14:10');
INSERT INTO `service_languages` (`id`, `service_id`, `language`, `title`, `content`, `created_at`, `updated_at`) VALUES ('13', '7', 'en', 'ცნობადობის გაზრდა', NULL, '2019-06-21 07:22:48', '2019-06-21 07:22:48');

INSERT INTO `services` (`id`, `collection_id`, `position`, `visible`, `image`, `created_at`, `updated_at`) VALUES ('1', '11', '1', '0', 'http://ekimo.devmobility.com/files/queue.svg', '2019-06-21 07:02:39', '2019-09-03 08:14:12');
INSERT INTO `services` (`id`, `collection_id`, `position`, `visible`, `image`, `created_at`, `updated_at`) VALUES ('3', '11', '3', '0', 'http://ekimo.devmobility.com/files/speech-bubble.svg', '2019-06-21 07:09:50', '2019-09-03 08:14:12');
INSERT INTO `services` (`id`, `collection_id`, `position`, `visible`, `image`, `created_at`, `updated_at`) VALUES ('4', '11', '4', '0', 'http://ekimo.devmobility.com/files/revenue.svg', '2019-06-21 07:18:45', '2019-09-03 08:14:11');
INSERT INTO `services` (`id`, `collection_id`, `position`, `visible`, `image`, `created_at`, `updated_at`) VALUES ('5', '11', '5', '0', 'http://ekimo.devmobility.com/files/prescription.svg', '2019-06-21 07:19:41', '2019-09-03 08:14:11');
INSERT INTO `services` (`id`, `collection_id`, `position`, `visible`, `image`, `created_at`, `updated_at`) VALUES ('6', '11', '6', '0', 'http://ekimo.devmobility.com/files/hand.svg', '2019-06-21 07:22:12', '2019-09-03 08:14:10');
INSERT INTO `services` (`id`, `collection_id`, `position`, `visible`, `image`, `created_at`, `updated_at`) VALUES ('7', '11', '7', '0', 'http://ekimo.devmobility.com/files/fire.svg', '2019-06-21 07:22:48', '2019-09-03 08:14:10');

INSERT INTO `translation_languages` (`id`, `translation_id`, `language`, `value`, `created_at`, `updated_at`) VALUES ('1', '1', 'ge', 'აპლიკაცია', '2019-06-07 10:29:26', '2019-06-27 06:22:11');
INSERT INTO `translation_languages` (`id`, `translation_id`, `language`, `value`, `created_at`, `updated_at`) VALUES ('2', '1', 'en', 'APP', '2019-06-07 10:29:26', '2019-12-06 13:46:55');
INSERT INTO `translation_languages` (`id`, `translation_id`, `language`, `value`, `created_at`, `updated_at`) VALUES ('3', '2', 'ge', 'ხელმისაწვდომია Android და iOS სისტემებისთვის', '2019-06-07 10:30:40', '2019-12-06 13:45:18');
INSERT INTO `translation_languages` (`id`, `translation_id`, `language`, `value`, `created_at`, `updated_at`) VALUES ('4', '2', 'en', 'Available for Android and iOS systems', '2019-06-07 10:30:40', '2019-12-06 13:50:55');
INSERT INTO `translation_languages` (`id`, `translation_id`, `language`, `value`, `created_at`, `updated_at`) VALUES ('5', '3', 'ge', 'EKIMO-ში ჩართული პარტნიორები', '2019-06-13 07:19:54', '2019-12-06 13:51:14');
INSERT INTO `translation_languages` (`id`, `translation_id`, `language`, `value`, `created_at`, `updated_at`) VALUES ('6', '3', 'en', 'EKIMO PARTNERS', '2019-06-13 07:19:54', '2019-12-06 13:51:16');
INSERT INTO `translation_languages` (`id`, `translation_id`, `language`, `value`, `created_at`, `updated_at`) VALUES ('7', '4', 'ge', 'შეფასებები', '2019-06-13 07:21:05', '2019-06-13 08:35:05');
INSERT INTO `translation_languages` (`id`, `translation_id`, `language`, `value`, `created_at`, `updated_at`) VALUES ('8', '4', 'en', 'our clients', '2019-06-13 07:21:05', '2019-06-13 07:21:05');
INSERT INTO `translation_languages` (`id`, `translation_id`, `language`, `value`, `created_at`, `updated_at`) VALUES ('9', '5', 'ge', 'ყველას ნახვა', '2019-06-13 07:21:59', '2019-06-13 07:22:07');
INSERT INTO `translation_languages` (`id`, `translation_id`, `language`, `value`, `created_at`, `updated_at`) VALUES ('10', '5', 'en', 'SEE ALL', '2019-06-13 07:21:59', '2019-12-06 13:51:29');
INSERT INTO `translation_languages` (`id`, `translation_id`, `language`, `value`, `created_at`, `updated_at`) VALUES ('11', '6', 'ge', 'პირობები', '2019-06-19 04:30:14', '2019-07-01 06:01:07');
INSERT INTO `translation_languages` (`id`, `translation_id`, `language`, `value`, `created_at`, `updated_at`) VALUES ('12', '6', 'en', 'TERMS', '2019-06-19 04:30:14', '2019-12-06 13:47:25');
INSERT INTO `translation_languages` (`id`, `translation_id`, `language`, `value`, `created_at`, `updated_at`) VALUES ('13', '7', 'ge', 'Vabaco. All rights reserved', '2019-09-03 07:35:19', '2019-09-03 12:20:25');
INSERT INTO `translation_languages` (`id`, `translation_id`, `language`, `value`, `created_at`, `updated_at`) VALUES ('14', '7', 'en', 'Vabaco. All rights reserved', '2019-09-03 07:35:19', '2019-12-06 13:50:16');
INSERT INTO `translation_languages` (`id`, `translation_id`, `language`, `value`, `created_at`, `updated_at`) VALUES ('15', '8', 'ge', 'კონტაქტი', '2019-12-09 11:02:22', '2019-12-09 11:03:02');
INSERT INTO `translation_languages` (`id`, `translation_id`, `language`, `value`, `created_at`, `updated_at`) VALUES ('16', '8', 'en', 'Contact', '2019-12-09 11:02:22', '2019-12-09 11:02:22');
INSERT INTO `translation_languages` (`id`, `translation_id`, `language`, `value`, `created_at`, `updated_at`) VALUES ('17', '9', 'ge', 'მთავარი', '2019-12-09 11:04:26', '2019-12-09 11:11:33');
INSERT INTO `translation_languages` (`id`, `translation_id`, `language`, `value`, `created_at`, `updated_at`) VALUES ('18', '9', 'en', 'HOME', '2019-12-09 11:04:26', '2019-12-09 11:04:26');
INSERT INTO `translation_languages` (`id`, `translation_id`, `language`, `value`, `created_at`, `updated_at`) VALUES ('19', '10', 'ge', 'დაჯავშნეთ ექიმთან ვიზიტი', '2019-12-24 11:25:39', '2019-12-24 11:26:29');
INSERT INTO `translation_languages` (`id`, `translation_id`, `language`, `value`, `created_at`, `updated_at`) VALUES ('20', '10', 'ka', 'მთავარი', '2019-12-24 11:25:39', '2019-12-24 11:25:39');
INSERT INTO `translation_languages` (`id`, `translation_id`, `language`, `value`, `created_at`, `updated_at`) VALUES ('21', '10', 'en', 'Book consultation for doctor', '2019-12-24 11:25:39', '2020-01-06 06:12:48');

INSERT INTO `translations` (`id`, `name`, `title`, `type`, `created_at`, `updated_at`) VALUES ('1', 'our_app', 'APP', NULL, '2019-06-07 10:29:26', '2019-12-06 13:46:55');
INSERT INTO `translations` (`id`, `name`, `title`, `type`, `created_at`, `updated_at`) VALUES ('2', 'our_app_is_available', 'APP', NULL, '2019-06-07 10:30:40', '2019-12-06 13:45:25');
INSERT INTO `translations` (`id`, `name`, `title`, `type`, `created_at`, `updated_at`) VALUES ('3', 'ourProviders', 'ourProviders', NULL, '2019-06-13 07:19:54', '2019-06-13 07:19:54');
INSERT INTO `translations` (`id`, `name`, `title`, `type`, `created_at`, `updated_at`) VALUES ('4', 'ourClients', 'ourClients', NULL, '2019-06-13 07:21:05', '2019-06-13 07:21:05');
INSERT INTO `translations` (`id`, `name`, `title`, `type`, `created_at`, `updated_at`) VALUES ('5', 'seeAll', 'seeAll', NULL, '2019-06-13 07:21:59', '2019-06-13 07:21:59');
INSERT INTO `translations` (`id`, `name`, `title`, `type`, `created_at`, `updated_at`) VALUES ('6', 'navigation', 'Terms', NULL, '2019-06-19 04:30:14', '2019-07-01 05:57:35');
INSERT INTO `translations` (`id`, `name`, `title`, `type`, `created_at`, `updated_at`) VALUES ('7', 'Allrights', 'Allrights', NULL, '2019-09-03 07:35:19', '2019-09-03 07:35:19');
INSERT INTO `translations` (`id`, `name`, `title`, `type`, `created_at`, `updated_at`) VALUES ('8', 'contact', 'contact', NULL, '2019-12-09 11:02:22', '2019-12-09 11:02:22');
INSERT INTO `translations` (`id`, `name`, `title`, `type`, `created_at`, `updated_at`) VALUES ('9', 'home', 'home', NULL, '2019-12-09 11:04:26', '2019-12-09 11:04:26');
INSERT INTO `translations` (`id`, `name`, `title`, `type`, `created_at`, `updated_at`) VALUES ('10', 'messenger_greeting', 'Book consultation for doctor', NULL, '2019-12-24 11:25:39', '2020-01-06 06:12:26');

INSERT INTO `web_settings` (`id`, `email`, `email1`, `phone`, `facebook`, `twitter`, `instagram`, `youtube`, `map`, `google_play_link`, `app_store_link`, `home_page_slide_stars_value`, `home_page_slide_title_ge`, `home_page_slide_title_en`, `home_page_slide_text_ge`, `home_page_slide_text_en`, `home_page_slide_image_1`, `home_page_slide_image_2`, `home_page_features_image`, `google_analytic_id`, `created_at`, `updated_at`) VALUES ('1', 'support@ekimo.ge', 'contact@ekimo.ge', '(032) 2 333 444', 'https://www.facebook.com/EKIMOapp/', NULL, NULL, NULL, NULL, 'https://play.google.com/store/apps', 'https://www.apple.com/ios/app-store/', '4.55', 'EKIMO APP', 'EKIMO APP', 'ექიმო არის აპლიკაცია, რომელიც სამედიცინო სერვისების მიღებას გიმარტივებთ. მისი გამოყენებით, შეძლებთ დაჯავშნოთ ექიმთან ვიზიტი, რიგში დგომის გარეშე მიიღოთ სამედიცინო მომსახურება, მოძებნოთ მედიკამენტები და ელექტრონულად მიიღოთ დანიშნულებები, მიმართვები, დიაგნოზები და საგარანტიო წერილები.', 'EKIMO is the app that makes it easier for you to access healthcare services. The app allows you to book an appointment with your preferred doctor, receive medical services without waiting in line, search for medications, and receive electronic prescriptions, referrals, diagnoses and letters of guarantee.', 'http://ekimo.devmobility.com/files/Group 1@2x.png', 'http://ekimo.devmobility.com/files/Group 1043@2x.png', 'http://ekimo.devmobility.com/files/Group 1165@2x.png', 'UA-1242131-Y', NULL, NULL);




/*!40101 SET SQL_MODE=@OLD_SQL_MODE */;
/*!40014 SET FOREIGN_KEY_CHECKS=@OLD_FOREIGN_KEY_CHECKS */;
/*!40014 SET UNIQUE_CHECKS=@OLD_UNIQUE_CHECKS */;
/*!40101 SET CHARACTER_SET_CLIENT=@OLD_CHARACTER_SET_CLIENT */;
/*!40101 SET CHARACTER_SET_RESULTS=@OLD_CHARACTER_SET_RESULTS */;
/*!40101 SET COLLATION_CONNECTION=@OLD_COLLATION_CONNECTION */;
/*!40111 SET SQL_NOTES=@OLD_SQL_NOTES */;